-- --------------------------------------------------------
-- Host:                         127.0.0.1
-- Server version:               5.5.16 - MySQL Community Server (GPL)
-- Server OS:                    Win32
-- HeidiSQL Version:             9.1.0.4867
-- --------------------------------------------------------

/*!40101 SET @OLD_CHARACTER_SET_CLIENT=@@CHARACTER_SET_CLIENT */;
/*!40101 SET NAMES utf8mb4 */;
/*!40014 SET @OLD_FOREIGN_KEY_CHECKS=@@FOREIGN_KEY_CHECKS, FOREIGN_KEY_CHECKS=0 */;
/*!40101 SET @OLD_SQL_MODE=@@SQL_MODE, SQL_MODE='NO_AUTO_VALUE_ON_ZERO' */;

-- Dumping database structure for tikaappdb
DROP DATABASE IF EXISTS `tikaappdb`;
CREATE DATABASE IF NOT EXISTS `tikaappdb` /*!40100 DEFAULT CHARACTER SET latin1 */;
USE `tikaappdb`;


-- Dumping structure for table tikaappdb.appmenuitems
DROP TABLE IF EXISTS `appmenuitems`;
CREATE TABLE IF NOT EXISTS `appmenuitems` (
  `id` int(11) NOT NULL AUTO_INCREMENT,
  `MenuName` varchar(50) DEFAULT '0',
  `MenuParentName` varchar(50) NOT NULL DEFAULT '0',
  `AppViewId` int(11) NOT NULL DEFAULT '0',
  `MenuOrder` int(11) NOT NULL DEFAULT '0',
  `SubMenuOrder` int(11) NOT NULL DEFAULT '0',
  PRIMARY KEY (`id`),
  KEY `appView` (`AppViewId`),
  CONSTRAINT `appView` FOREIGN KEY (`AppViewId`) REFERENCES `appviews` (`ID`)
) ENGINE=InnoDB AUTO_INCREMENT=5 DEFAULT CHARSET=latin1;

-- Dumping data for table tikaappdb.appmenuitems: ~4 rows (approximately)
DELETE FROM `appmenuitems`;
/*!40000 ALTER TABLE `appmenuitems` DISABLE KEYS */;
INSERT INTO `appmenuitems` (`id`, `MenuName`, `MenuParentName`, `AppViewId`, `MenuOrder`, `SubMenuOrder`) VALUES
	(1, 'Home', 'Home', 1, 1, 1),
	(2, 'Tika', 'Tika', 2, 2, 1),
	(3, 'Parent', 'Parent', 3, 2, 2),
	(4, 'Child', 'Parent', 4, 2, 3);
/*!40000 ALTER TABLE `appmenuitems` ENABLE KEYS */;


-- Dumping structure for table tikaappdb.appviews
DROP TABLE IF EXISTS `appviews`;
CREATE TABLE IF NOT EXISTS `appviews` (
  `ID` int(11) NOT NULL AUTO_INCREMENT,
  `Controller` varchar(100) NOT NULL DEFAULT '0',
  `ControllerType` varchar(100) NOT NULL DEFAULT '0',
  `Action` varchar(100) NOT NULL DEFAULT '0',
  `Argument` int(1) NOT NULL DEFAULT '0',
  `SuperAdmin` int(11) NOT NULL DEFAULT '0',
  `Admin` int(11) NOT NULL DEFAULT '0',
  `Manager` int(11) NOT NULL DEFAULT '0',
  `ViewUser` int(11) NOT NULL DEFAULT '0',
  PRIMARY KEY (`ID`)
) ENGINE=InnoDB AUTO_INCREMENT=7 DEFAULT CHARSET=latin1;

-- Dumping data for table tikaappdb.appviews: ~5 rows (approximately)
DELETE FROM `appviews`;
/*!40000 ALTER TABLE `appviews` DISABLE KEYS */;
INSERT INTO `appviews` (`ID`, `Controller`, `ControllerType`, `Action`, `Argument`, `SuperAdmin`, `Admin`, `Manager`, `ViewUser`) VALUES
	(1, 'Home', 'mvc', 'Index', 0, 1, 1, 0, 1),
	(2, 'Home', 'mvc', 'Tika', 0, 1, 1, 0, 1),
	(3, 'Parent', 'mvc', 'Index', 0, 1, 1, 0, 1),
	(4, 'Parent', 'mvc', 'Child', 0, 1, 1, 0, 1),
	(5, 'User', 'api', 'Get', 0, 1, 1, 1, 0),
	(6, 'User', 'api', 'Get', 1, 1, 0, 0, 0);
/*!40000 ALTER TABLE `appviews` ENABLE KEYS */;


-- Dumping structure for table tikaappdb.centers
DROP TABLE IF EXISTS `centers`;
CREATE TABLE IF NOT EXISTS `centers` (
  `ID` int(11) NOT NULL AUTO_INCREMENT,
  `ThanasID` int(11) DEFAULT '0',
  `CentersName` varchar(50) DEFAULT '0',
  `CentersAddress` varchar(50) DEFAULT '0',
  PRIMARY KEY (`ID`),
  KEY `FKthanasID` (`ThanasID`),
  CONSTRAINT `FKthanasID` FOREIGN KEY (`ThanasID`) REFERENCES `thanas` (`ID`)
) ENGINE=InnoDB AUTO_INCREMENT=6 DEFAULT CHARSET=latin1;

-- Dumping data for table tikaappdb.centers: ~5 rows (approximately)
DELETE FROM `centers`;
/*!40000 ALTER TABLE `centers` DISABLE KEYS */;
INSERT INTO `centers` (`ID`, `ThanasID`, `CentersName`, `CentersAddress`) VALUES
	(1, 328, 'adsd', 'hjhjhj'),
	(2, 407, 'jjkj', 'ooo'),
	(3, 192, 'fgh', '0gh'),
	(4, 354, 'hgjhyjh', 'ghfghfg'),
	(5, 287, 'center1', 'jhhjhjkh');
/*!40000 ALTER TABLE `centers` ENABLE KEYS */;


-- Dumping structure for table tikaappdb.child
DROP TABLE IF EXISTS `child`;
CREATE TABLE IF NOT EXISTS `child` (
  `ID` int(11) NOT NULL AUTO_INCREMENT,
  `UserloginID` int(11) NOT NULL DEFAULT '0',
  `ChildName` varchar(50) NOT NULL DEFAULT '0',
  `ChildBirthDate` varchar(50) NOT NULL DEFAULT '0',
  `ChildBirthCertificate` varchar(50) NOT NULL DEFAULT '0',
  `ChildGender` varchar(50) NOT NULL DEFAULT '0',
  PRIMARY KEY (`ID`),
  KEY `FKChildUserloginID` (`UserloginID`),
  CONSTRAINT `FKChildUserloginID` FOREIGN KEY (`UserloginID`) REFERENCES `userlogin` (`ID`)
) ENGINE=InnoDB DEFAULT CHARSET=latin1;

-- Dumping data for table tikaappdb.child: ~0 rows (approximately)
DELETE FROM `child`;
/*!40000 ALTER TABLE `child` DISABLE KEYS */;
/*!40000 ALTER TABLE `child` ENABLE KEYS */;


-- Dumping structure for table tikaappdb.childinfo
DROP TABLE IF EXISTS `childinfo`;
CREATE TABLE IF NOT EXISTS `childinfo` (
  `ID` int(11) NOT NULL AUTO_INCREMENT,
  `ParentID` int(11) NOT NULL DEFAULT '0',
  `Name` varchar(50) NOT NULL DEFAULT '0',
  `Birthdate` date DEFAULT NULL,
  `BirthCertificateID` varchar(50) DEFAULT '0',
  PRIMARY KEY (`ID`),
  KEY `parentFK` (`ParentID`),
  CONSTRAINT `parentFK` FOREIGN KEY (`ParentID`) REFERENCES `userinfo` (`ID`)
) ENGINE=InnoDB AUTO_INCREMENT=3 DEFAULT CHARSET=latin1;

-- Dumping data for table tikaappdb.childinfo: ~2 rows (approximately)
DELETE FROM `childinfo`;
/*!40000 ALTER TABLE `childinfo` DISABLE KEYS */;
INSERT INTO `childinfo` (`ID`, `ParentID`, `Name`, `Birthdate`, `BirthCertificateID`) VALUES
	(1, 1, 'sonamuni1', '2015-05-31', '0'),
	(2, 1, 'sonamuni2', '2017-05-31', '0');
/*!40000 ALTER TABLE `childinfo` ENABLE KEYS */;


-- Dumping structure for table tikaappdb.childvaccin
DROP TABLE IF EXISTS `childvaccin`;
CREATE TABLE IF NOT EXISTS `childvaccin` (
  `ID` int(11) NOT NULL,
  `ChildID` int(11) DEFAULT NULL,
  `VaccinID` int(11) DEFAULT NULL,
  `Status` bit(1) DEFAULT NULL,
  `Date` date DEFAULT NULL,
  PRIMARY KEY (`ID`),
  KEY `FKChild` (`ChildID`),
  KEY `FKVaccine` (`VaccinID`),
  CONSTRAINT `FKChild` FOREIGN KEY (`ChildID`) REFERENCES `childinfo` (`ID`),
  CONSTRAINT `FKVaccine` FOREIGN KEY (`VaccinID`) REFERENCES `vaccineinfo` (`ID`)
) ENGINE=InnoDB DEFAULT CHARSET=latin1;

-- Dumping data for table tikaappdb.childvaccin: ~0 rows (approximately)
DELETE FROM `childvaccin`;
/*!40000 ALTER TABLE `childvaccin` DISABLE KEYS */;
/*!40000 ALTER TABLE `childvaccin` ENABLE KEYS */;


-- Dumping structure for table tikaappdb.disease
DROP TABLE IF EXISTS `disease`;
CREATE TABLE IF NOT EXISTS `disease` (
  `ID` int(11) NOT NULL,
  `DiseaseName` varchar(50) NOT NULL,
  `DiseaseDescription` varchar(50) NOT NULL,
  PRIMARY KEY (`ID`)
) ENGINE=InnoDB DEFAULT CHARSET=latin1;

-- Dumping data for table tikaappdb.disease: ~0 rows (approximately)
DELETE FROM `disease`;
/*!40000 ALTER TABLE `disease` DISABLE KEYS */;
/*!40000 ALTER TABLE `disease` ENABLE KEYS */;


-- Dumping structure for table tikaappdb.districts
DROP TABLE IF EXISTS `districts`;
CREATE TABLE IF NOT EXISTS `districts` (
  `ID` int(11) NOT NULL AUTO_INCREMENT,
  `DistrictsName` varchar(50) NOT NULL,
  `DistrictsPopulation` int(10) unsigned zerofill NOT NULL,
  PRIMARY KEY (`ID`)
) ENGINE=InnoDB AUTO_INCREMENT=65 DEFAULT CHARSET=latin1;

-- Dumping data for table tikaappdb.districts: ~64 rows (approximately)
DELETE FROM `districts`;
/*!40000 ALTER TABLE `districts` DISABLE KEYS */;
INSERT INTO `districts` (`ID`, `DistrictsName`, `DistrictsPopulation`) VALUES
	(1, 'Dhaka', 0015000000),
	(2, 'Dhaka', 0015000000),
	(3, 'Rangpur', 0005040056),
	(4, 'Rajshahi', 0006055668),
	(5, 'Tangail', 0003571000),
	(6, 'Sylhet', 0003404000),
	(7, 'Sunamganj', 0002443000),
	(8, 'Sirajganj', 0003072000),
	(9, 'Sherpur', 0001334000),
	(10, 'Shariatpur', 0001146000),
	(11, 'Satkhira', 0001973000),
	(12, 'Rangamati', 0000596000),
	(13, 'Rajbari', 0001040000),
	(14, 'Pirojpur', 0001103000),
	(15, 'Patuakhali', 0001517000),
	(16, 'Panchagarh', 0000981000),
	(17, 'Pabna', 0002497000),
	(18, 'Noakhali', 0003072000),
	(19, 'Nilphamari', 0001820000),
	(20, 'Netrakona', 0002207000),
	(21, 'Natore', 0001696000),
	(22, 'Narsingdi', 0002202000),
	(23, 'Narayanganj', 0002897000),
	(24, 'Narail', 0000715000),
	(25, 'Naogaon', 0002576000),
	(26, 'Mymensingh', 0005042000),
	(27, 'Munshiganj', 0001420000),
	(28, 'Moulvibazar', 0001902000),
	(29, 'Meherpur', 0000652000),
	(30, 'Manikganj', 0001379000),
	(31, 'Magura', 0000913000),
	(32, 'Madaripur', 0001149000),
	(33, 'Lalmonirhat', 0001249000),
	(34, 'Lakshmipur', 0001711000),
	(35, 'Kushtia', 0001933000),
	(36, 'Kurigram', 0002050000),
	(37, 'Kishoreganj', 0002853000),
	(38, 'Khulna', 0002294000),
	(39, 'Khagrachhari', 0000608000),
	(40, 'Joypurhat', 0000909000),
	(41, 'Jhenaidah', 0001756000),
	(42, 'Jhalokati', 0000596000),
	(43, 'Jessore', 0002742000),
	(44, 'Jamalpur', 0002265000),
	(45, 'Habiganj', 0002059000),
	(46, 'Gopalganj', 0001149000),
	(47, 'Gazipur', 0003333000),
	(48, 'Gaibandha', 0002349000),
	(49, 'Feni', 0001420000),
	(50, 'Faridpur', 0001867000),
	(51, 'Dinajpur', 0002970000),
	(52, 'CoxsBazar', 0002275000),
	(53, 'Comilla', 0005304000),
	(54, 'Chuadanga', 0001123000),
	(55, 'Chittagong', 0007509000),
	(56, 'Chapainawabganj', 0001635000),
	(57, 'Chandpur', 0002393000),
	(58, 'Brahmanbaria', 0002808000),
	(59, 'Bogra', 0003371000),
	(60, 'Bhola', 0001758000),
	(61, 'Barisal', 0002291000),
	(62, 'Barguna', 0000882000),
	(63, 'Bandarban', 0000383000),
	(64, 'Bagerhat', 0001461000);
/*!40000 ALTER TABLE `districts` ENABLE KEYS */;


-- Dumping structure for table tikaappdb.employees
DROP TABLE IF EXISTS `employees`;
CREATE TABLE IF NOT EXISTS `employees` (
  `id` mediumint(8) unsigned NOT NULL AUTO_INCREMENT,
  `firstName` varchar(255) DEFAULT NULL,
  `lastName` varchar(255) DEFAULT NULL,
  PRIMARY KEY (`id`)
) ENGINE=InnoDB AUTO_INCREMENT=601 DEFAULT CHARSET=latin1;

-- Dumping data for table tikaappdb.employees: ~757 rows (approximately)
DELETE FROM `employees`;
/*!40000 ALTER TABLE `employees` DISABLE KEYS */;
INSERT INTO `employees` (`id`, `firstName`, `lastName`) VALUES
	(1, 'Ivan', 'Lev'),
	(2, 'Adam', 'Nicholas'),
	(3, 'Brendan', 'Kato'),
	(4, 'Ivor', 'Dean'),
	(5, 'Ronan', 'Eaton'),
	(6, 'Arden', 'Timon'),
	(7, 'Bruno', 'Jerry'),
	(8, 'Valentine', 'Daniel'),
	(9, 'Moses', 'Charles'),
	(10, 'Byron', 'Gannon'),
	(11, 'Coby', 'Brian'),
	(12, 'Evan', 'Macon'),
	(13, 'Amir', 'Jasper'),
	(14, 'Elmo', 'Erich'),
	(15, 'Gavin', 'Yuli'),
	(16, 'Jerry', 'Cooper'),
	(17, 'Leroy', 'Elliott'),
	(18, 'Sean', 'Castor'),
	(19, 'Kennedy', 'Arthur'),
	(20, 'Cedric', 'Cadman'),
	(21, 'Benedict', 'Hayden'),
	(22, 'Graiden', 'Troy'),
	(23, 'Gage', 'Bruce'),
	(24, 'Ronan', 'Barrett'),
	(25, 'Garrett', 'Lester'),
	(26, 'Kaseem', 'Jacob'),
	(27, 'Brock', 'Lev'),
	(28, 'Carlos', 'Allistair'),
	(29, 'Xavier', 'Keith'),
	(30, 'Axel', 'Solomon'),
	(31, 'Gary', 'Tate'),
	(32, 'Lance', 'Timon'),
	(33, 'Chadwick', 'Steven'),
	(34, 'Lionel', 'Wade'),
	(35, 'Nissim', 'Kareem'),
	(36, 'Troy', 'Chaney'),
	(37, 'Grady', 'Nash'),
	(38, 'Allistair', 'Steel'),
	(39, 'Tiger', 'Tad'),
	(40, 'Colton', 'Xenos'),
	(41, 'Wang', 'Lucian'),
	(42, 'Zane', 'Knox'),
	(43, 'Harlan', 'Kasimir'),
	(44, 'Valentine', 'Merritt'),
	(45, 'Demetrius', 'Lee'),
	(46, 'Matthew', 'Stuart'),
	(47, 'Kenneth', 'Quinlan'),
	(48, 'Talon', 'Cullen'),
	(49, 'Calvin', 'Phillip'),
	(50, 'Wylie', 'Cyrus'),
	(51, 'Aladdin', 'Jerome'),
	(52, 'Akeem', 'Gary'),
	(53, 'Kevin', 'Dean'),
	(54, 'Jesse', 'Drake'),
	(55, 'Tobias', 'Leroy'),
	(56, 'Jerry', 'Steel'),
	(57, 'Carlos', 'Jordan'),
	(58, 'Byron', 'Kasimir'),
	(59, 'Neville', 'Derek'),
	(60, 'Nathan', 'Ezekiel'),
	(61, 'Marsden', 'Thomas'),
	(62, 'Garrett', 'Brendan'),
	(63, 'Justin', 'Aaron'),
	(64, 'Todd', 'Marshall'),
	(65, 'Dennis', 'Michael'),
	(66, 'Raphael', 'Erasmus'),
	(67, 'Armand', 'Cain'),
	(68, 'Aidan', 'Galvin'),
	(69, 'Christopher', 'Mason'),
	(70, 'Graham', 'Derek'),
	(71, 'Timon', 'Hu'),
	(72, 'Thor', 'Galvin'),
	(73, 'Brett', 'Cody'),
	(74, 'Barclay', 'Edward'),
	(75, 'Zeus', 'Ciaran'),
	(76, 'Reese', 'Vaughan'),
	(77, 'Raymond', 'Josiah'),
	(78, 'Quinn', 'Calvin'),
	(79, 'Tyler', 'Wallace'),
	(80, 'Eagan', 'Griffith'),
	(81, 'Philip', 'Herrod'),
	(82, 'Fritz', 'Nero'),
	(83, 'Ali', 'Kaseem'),
	(84, 'Lester', 'Wing'),
	(85, 'Dorian', 'Kyle'),
	(86, 'Jerry', 'Ryder'),
	(87, 'Lester', 'Dorian'),
	(88, 'Knox', 'Jarrod'),
	(89, 'Hu', 'Chaim'),
	(90, 'Nathaniel', 'Oren'),
	(91, 'Dominic', 'Wallace'),
	(92, 'Holmes', 'Hayes'),
	(93, 'Ferris', 'Reece'),
	(94, 'Leo', 'Wesley'),
	(95, 'Igor', 'Stephen'),
	(96, 'Perry', 'Justin'),
	(97, 'Jordan', 'Gannon'),
	(98, 'Fritz', 'Tobias'),
	(99, 'Hedley', 'Cruz'),
	(100, 'Omar', 'Phelan'),
	(101, 'Alma', 'Blaine'),
	(102, 'Blaine', 'Chantale'),
	(103, 'Stephanie', 'Meghan'),
	(104, 'Candace', 'Kai'),
	(105, 'Belle', 'Unity'),
	(106, 'Signe', 'Chastity'),
	(107, 'Sonya', 'Venus'),
	(108, 'Hanae', 'Aphrodite'),
	(109, 'Geraldine', 'Emerald'),
	(110, 'Linda', 'Kaye'),
	(111, 'Justina', 'Aurelia'),
	(112, 'Amanda', 'Bertha'),
	(113, 'Fiona', 'Nita'),
	(114, 'Joan', 'Maia'),
	(115, 'Halla', 'Emi'),
	(116, 'Maia', 'Alexa'),
	(117, 'Anne', 'Halee'),
	(118, 'Delilah', 'MacKenzie'),
	(119, 'Noelle', 'Serena'),
	(120, 'Lillith', 'Alexandra'),
	(121, 'Deanna', 'Clementine'),
	(122, 'Mariko', 'MacKenzie'),
	(123, 'Shay', 'Lael'),
	(124, 'Lara', 'Piper'),
	(125, 'Ursa', 'Jolie'),
	(126, 'Clementine', 'Idona'),
	(127, 'Emi', 'Shoshana'),
	(128, 'Barbara', 'Barbara'),
	(129, 'Martena', 'Rhoda'),
	(130, 'Debra', 'Dawn'),
	(131, 'Shoshana', 'Olivia'),
	(132, 'Lael', 'Lila'),
	(133, 'Madaline', 'Joan'),
	(134, 'Giselle', 'Whilemina'),
	(135, 'Debra', 'Miriam'),
	(136, 'Chelsea', 'Gisela'),
	(137, 'Mary', 'Piper'),
	(138, 'Nelle', 'Lisandra'),
	(139, 'Kim', 'Tanisha'),
	(140, 'Lucy', 'Xantha'),
	(141, 'Reagan', 'Hanna'),
	(142, 'Penelope', 'Kylie'),
	(143, 'Lila', 'Constance'),
	(144, 'Halee', 'Destiny'),
	(145, 'Ariana', 'Kaye'),
	(146, 'Dahlia', 'Macy'),
	(147, 'Callie', 'Colette'),
	(148, 'Cathleen', 'Lesley'),
	(149, 'Ivana', 'Illana'),
	(150, 'Julie', 'Sonia'),
	(151, 'Lee', 'Ann'),
	(152, 'Tallulah', 'Isabella'),
	(153, 'Audrey', 'Aretha'),
	(154, 'Sandra', 'Gay'),
	(155, 'Amy', 'Regan'),
	(156, 'Bree', 'Irma'),
	(157, 'Whoopi', 'Kylee'),
	(158, 'Anika', 'TaShya'),
	(159, 'Cassady', 'Melodie'),
	(160, 'Shannon', 'Olga'),
	(161, 'Katell', 'Blythe'),
	(162, 'Xyla', 'Mary'),
	(163, 'Yvonne', 'Kerry'),
	(164, 'Zenia', 'Sybil'),
	(165, 'Azalia', 'Eugenia'),
	(166, 'Ingrid', 'Inga'),
	(167, 'Martina', 'Eleanor'),
	(168, 'Desiree', 'Reagan'),
	(169, 'Tanisha', 'Yolanda'),
	(170, 'Cassady', 'Alea'),
	(171, 'Desirae', 'Morgan'),
	(172, 'Adrienne', 'Elizabeth'),
	(173, 'Charde', 'Judith'),
	(174, 'Adena', 'Heather'),
	(175, 'Rhoda', 'Kylan'),
	(176, 'Kiona', 'Kyla'),
	(177, 'Adara', 'Brenna'),
	(178, 'Gemma', 'Eleanor'),
	(179, 'Hiroko', 'Christine'),
	(180, 'Hillary', 'Hermione'),
	(181, 'Rebecca', 'Ivory'),
	(182, 'Orli', 'Sybil'),
	(183, 'Brittany', 'Casey'),
	(184, 'Elaine', 'Melanie'),
	(185, 'Dorothy', 'Karly'),
	(186, 'Hanna', 'Molly'),
	(187, 'Hilda', 'Gwendolyn'),
	(188, 'Hayfa', 'Mira'),
	(189, 'Alma', 'Sade'),
	(190, 'Ori', 'Sylvia'),
	(191, 'Macey', 'Vera'),
	(192, 'Nola', 'Teegan'),
	(193, 'Nell', 'Jescie'),
	(194, 'Maggy', 'Kellie'),
	(195, 'Aurora', 'Nichole'),
	(196, 'Amanda', 'Allegra'),
	(197, 'Lois', 'Olivia'),
	(198, 'Tanisha', 'Fay'),
	(199, 'Odette', 'Hayley'),
	(200, 'Cynthia', 'Daria'),
	(201, 'Prescott', 'Beck'),
	(202, 'Tamekah', 'Seth'),
	(203, 'Lysandra', 'Alma'),
	(204, 'Lewis', 'Kerry'),
	(205, 'Brendan', 'Elvis'),
	(206, 'MacKenzie', 'Cyrus'),
	(207, 'Tamara', 'Mohammad'),
	(208, 'Eleanor', 'Elijah'),
	(209, 'Brett', 'Nasim'),
	(210, 'Daphne', 'Marny'),
	(211, 'Nevada', 'Brielle'),
	(212, 'Jenna', 'Nathan'),
	(213, 'Sade', 'Demetrius'),
	(214, 'Sara', 'Leigh'),
	(215, 'Emerson', 'Carter'),
	(216, 'Julian', 'Joy'),
	(217, 'Dexter', 'Alexa'),
	(218, 'David', 'Shelby'),
	(219, 'Herrod', 'Keely'),
	(220, 'Neville', 'Perry'),
	(221, 'Noble', 'Dillon'),
	(222, 'Jana', 'Nina'),
	(223, 'Margaret', 'Leigh'),
	(224, 'Chava', 'Aimee'),
	(225, 'Germaine', 'Lani'),
	(226, 'Leonard', 'Madeson'),
	(227, 'Quon', 'Nathan'),
	(228, 'Imani', 'Eugenia'),
	(229, 'Berk', 'Leila'),
	(230, 'Willa', 'Maile'),
	(231, 'Vanna', 'Illiana'),
	(232, 'MacKenzie', 'Garth'),
	(233, 'Baker', 'Seth'),
	(234, 'Wang', 'Irene'),
	(235, 'Tatiana', 'Shoshana'),
	(236, 'Jacqueline', 'Iola'),
	(237, 'Yuri', 'Merrill'),
	(238, 'Raphael', 'Reece'),
	(239, 'Declan', 'Cruz'),
	(240, 'Barbara', 'Brady'),
	(241, 'Desirae', 'Lunea'),
	(242, 'Fuller', 'Yeo'),
	(243, 'Kyla', 'Lee'),
	(244, 'Ezra', 'Jemima'),
	(245, 'Alexa', 'Neil'),
	(246, 'Xyla', 'Clayton'),
	(247, 'Clinton', 'Maile'),
	(248, 'Ulric', 'Quynn'),
	(249, 'Bell', 'Madonna'),
	(250, 'Fallon', 'Zenaida'),
	(251, 'Finn', 'Sigourney'),
	(252, 'Sylvia', 'Brynne'),
	(253, 'Sage', 'Tanner'),
	(254, 'Sylvester', 'Maite'),
	(255, 'Samuel', 'Adria'),
	(256, 'Guinevere', 'Carissa'),
	(257, 'Maile', 'Gregory'),
	(258, 'Abel', 'Eric'),
	(259, 'Kelly', 'Katell'),
	(260, 'Kylan', 'Mufutau'),
	(261, 'Alexander', 'Quintessa'),
	(262, 'Harding', 'Claire'),
	(263, 'Lewis', 'Brennan'),
	(264, 'Harding', 'Slade'),
	(265, 'Cheryl', 'Cherokee'),
	(266, 'Imelda', 'Drake'),
	(267, 'Steel', 'Chadwick'),
	(268, 'Ariel', 'Naomi'),
	(269, 'Amery', 'Burton'),
	(270, 'Samuel', 'Dylan'),
	(271, 'Geoffrey', 'Tatyana'),
	(272, 'Zephr', 'Natalie'),
	(273, 'Desirae', 'Doris'),
	(274, 'Meredith', 'Hiroko'),
	(275, 'Germaine', 'Aiko'),
	(276, 'Regina', 'Abel'),
	(277, 'Jason', 'Cherokee'),
	(278, 'Keelie', 'Ralph'),
	(279, 'Cameron', 'Frances'),
	(280, 'Camille', 'Matthew'),
	(281, 'Rebekah', 'Cameron'),
	(282, 'Ryan', 'Ann'),
	(283, 'Clarke', 'Zena'),
	(284, 'Vaughan', 'Bert'),
	(285, 'Ignatius', 'Idona'),
	(286, 'Cairo', 'Debra'),
	(287, 'Iliana', 'Dara'),
	(288, 'Ian', 'Chloe'),
	(289, 'Aileen', 'Noelani'),
	(290, 'Leslie', 'Naomi'),
	(291, 'Colt', 'Sonia'),
	(292, 'Megan', 'Maryam'),
	(293, 'Hyatt', 'Jayme'),
	(294, 'Elvis', 'Jakeem'),
	(295, 'Wanda', 'Gwendolyn'),
	(296, 'Cain', 'Xanthus'),
	(297, 'Dakota', 'Jasmine'),
	(298, 'Kane', 'Cherokee'),
	(299, 'Evan', 'Orla'),
	(300, 'Ishmael', 'Neil'),
	(301, 'Celeste', 'Melyssa'),
	(302, 'Zenaida', 'Ignatius'),
	(303, 'Basia', 'Olivia'),
	(304, 'Byron', 'Rajah'),
	(305, 'Daniel', 'Simon'),
	(306, 'Margaret', 'Nola'),
	(307, 'Leila', 'Skyler'),
	(308, 'Nero', 'Jonas'),
	(309, 'Indigo', 'Amber'),
	(310, 'Isadora', 'Kibo'),
	(311, 'Kylee', 'Aladdin'),
	(312, 'Darrel', 'Jacqueline'),
	(313, 'Benedict', 'Asher'),
	(314, 'Robin', 'Odysseus'),
	(315, 'Whoopi', 'Lee'),
	(316, 'Anthony', 'Daryl'),
	(317, 'Silas', 'Lucius'),
	(318, 'Gray', 'Claire'),
	(319, 'Lois', 'Haley'),
	(320, 'Fredericka', 'Shelly'),
	(321, 'Zeph', 'Ciara'),
	(322, 'Iona', 'Kennan'),
	(323, 'Colin', 'Rhona'),
	(324, 'Christen', 'Hoyt'),
	(325, 'Zachary', 'Vaughan'),
	(326, 'August', 'Chadwick'),
	(327, 'Beau', 'Ila'),
	(328, 'Alfonso', 'Reese'),
	(329, 'Lila', 'Piper'),
	(330, 'Xaviera', 'Thaddeus'),
	(331, 'Kay', 'Dominique'),
	(332, 'Vivian', 'Quon'),
	(333, 'Oleg', 'Drew'),
	(334, 'Regan', 'Lucius'),
	(335, 'Penelope', 'Timothy'),
	(336, 'Amery', 'Tobias'),
	(337, 'Keelie', 'Dane'),
	(338, 'Igor', 'Regina'),
	(339, 'Summer', 'Amity'),
	(340, 'Francis', 'Bradley'),
	(341, 'Chancellor', 'Griffith'),
	(342, 'Raya', 'Bevis'),
	(343, 'Carly', 'Felix'),
	(344, 'Hector', 'MacKenzie'),
	(345, 'Lani', 'Zena'),
	(346, 'Zeph', 'Dolan'),
	(347, 'Laurel', 'Jordan'),
	(348, 'Malik', 'Morgan'),
	(349, 'Sybill', 'Francis'),
	(350, 'Darryl', 'Tanner'),
	(351, 'Imani', 'Hop'),
	(352, 'Maxwell', 'Uta'),
	(353, 'Zena', 'Levi'),
	(354, 'Sandra', 'Oleg'),
	(355, 'Karly', 'Adena'),
	(356, 'Wade', 'Ashely'),
	(357, 'Bernard', 'Wynne'),
	(358, 'Joseph', 'Emma'),
	(359, 'Anjolie', 'Demetrius'),
	(360, 'Jelani', 'Guy'),
	(361, 'Herman', 'Abbot'),
	(362, 'Elton', 'Hayfa'),
	(363, 'Hedda', 'Brenna'),
	(364, 'Harriet', 'Magee'),
	(365, 'Stone', 'Camilla'),
	(366, 'Charles', 'Abbot'),
	(367, 'Irma', 'Nicole'),
	(368, 'Tyrone', 'Luke'),
	(369, 'Fulton', 'Christen'),
	(370, 'Althea', 'Kaye'),
	(371, 'Lacey', 'Fletcher'),
	(372, 'Colby', 'Willow'),
	(373, 'Zenia', 'Hilary'),
	(374, 'Abigail', 'Joseph'),
	(375, 'Risa', 'Dylan'),
	(376, 'Kennan', 'Benjamin'),
	(377, 'Shea', 'Katelyn'),
	(378, 'Patrick', 'Kirk'),
	(379, 'Marny', 'Bethany'),
	(380, 'Demetria', 'Elijah'),
	(381, 'Kareem', 'Xenos'),
	(382, 'Virginia', 'Ebony'),
	(383, 'Candice', 'Zachary'),
	(384, 'Bell', 'Bell'),
	(385, 'Cedric', 'Carissa'),
	(386, 'Cassady', 'Kiara'),
	(387, 'Aretha', 'Kelsey'),
	(388, 'Ezra', 'Morgan'),
	(389, 'Renee', 'Yardley'),
	(390, 'Alisa', 'Avye'),
	(401, 'Lila', 'Maya'),
	(402, 'Jillian', 'Justine'),
	(403, 'Kylie', 'Sydney'),
	(404, 'Emerald', 'Aubrey'),
	(405, 'Lacey', 'Roanna'),
	(406, 'Hadley', 'Belle'),
	(407, 'Teegan', 'Demetria'),
	(408, 'Fatima', 'Mary'),
	(409, 'Teagan', 'Audra'),
	(410, 'Nell', 'Portia'),
	(411, 'Ramona', 'Darrel'),
	(412, 'Anika', 'Quinn'),
	(413, 'Patience', 'Geraldine'),
	(414, 'Jana', 'Casey'),
	(415, 'MacKensie', 'Rinah'),
	(416, 'Eliana', 'Hermione'),
	(417, 'April', 'Jolene'),
	(418, 'Jeanette', 'Dawn'),
	(419, 'Scarlett', 'Gloria'),
	(420, 'Kellie', 'Rhoda'),
	(421, 'Libby', 'Cleo'),
	(422, 'Xyla', 'Germane'),
	(423, 'Karina', 'Anastasia'),
	(424, 'Mallory', 'Vera'),
	(425, 'Keelie', 'Madonna'),
	(426, 'Eve', 'Inez'),
	(427, 'Urielle', 'Mercedes'),
	(428, 'Emily', 'Hilda'),
	(429, 'Simone', 'Zorita'),
	(430, 'Odette', 'Martina'),
	(431, 'Faith', 'Amaya'),
	(432, 'Cameran', 'Xantha'),
	(433, 'Mollie', 'Inga'),
	(434, 'Xena', 'Guinevere'),
	(435, 'May', 'Dawn'),
	(436, 'Zenia', 'Charissa'),
	(437, 'Maya', 'Vera'),
	(438, 'Janna', 'Pearl'),
	(439, 'Leslie', 'Eve'),
	(440, 'Kelsey', 'Nelle'),
	(441, 'Rosalyn', 'Fay'),
	(442, 'Evelyn', 'Jeanette'),
	(443, 'Vera', 'Frances'),
	(444, 'Yetta', 'Ayanna'),
	(445, 'Belle', 'Dora'),
	(446, 'Kay', 'Anjolie'),
	(447, 'Alika', 'Zelda'),
	(448, 'Patience', 'Kai'),
	(449, 'Hiroko', 'Liberty'),
	(450, 'Ariana', 'Cathleen'),
	(451, 'Paula', 'Kyra'),
	(452, 'Vielka', 'Sopoline'),
	(453, 'Kaitlin', 'Quon'),
	(454, 'Brittany', 'Claire'),
	(455, 'Karyn', 'Zenaida'),
	(456, 'Caryn', 'Joan'),
	(457, 'Bryar', 'Wendy'),
	(458, 'Zia', 'Lavinia'),
	(459, 'Robin', 'Dai'),
	(460, 'Justine', 'Avye'),
	(461, 'Candace', 'Shana'),
	(462, 'Jescie', 'Sylvia'),
	(463, 'Halee', 'Kylynn'),
	(464, 'Sharon', 'Aubrey'),
	(465, 'Ima', 'Morgan'),
	(466, 'Chiquita', 'Piper'),
	(467, 'Dawn', 'Sylvia'),
	(468, 'TaShya', 'Quyn'),
	(469, 'Yolanda', 'Flavia'),
	(470, 'Jael', 'Ivana'),
	(471, 'Jasmine', 'Illiana'),
	(472, 'Lael', 'Amy'),
	(473, 'Karen', 'Joelle'),
	(474, 'Teagan', 'Montana'),
	(475, 'Keelie', 'Carly'),
	(476, 'Bertha', 'Gail'),
	(477, 'Pamela', 'Sonia'),
	(478, 'Gemma', 'Kaden'),
	(479, 'Stella', 'Cailin'),
	(480, 'Evangeline', 'Susan'),
	(481, 'Ursula', 'Abigail'),
	(482, 'Ila', 'Kylie'),
	(483, 'Jane', 'Wendy'),
	(484, 'Althea', 'Hadley'),
	(485, 'Imogene', 'Shafira'),
	(486, 'Hannah', 'Quinn'),
	(487, 'Germane', 'Pascale'),
	(488, 'Fredericka', 'Audra'),
	(489, 'Petra', 'Mona'),
	(490, 'Odessa', 'Karina'),
	(491, 'Inez', 'Miriam'),
	(492, 'Galena', 'Audra'),
	(493, 'Shannon', 'Noel'),
	(494, 'Alexis', 'Breanna'),
	(495, 'Josephine', 'Isabella'),
	(496, 'Mallory', 'Irma'),
	(497, 'Noelle', 'Gisela'),
	(498, 'Xandra', 'Amena'),
	(499, 'Gisela', 'Ariel'),
	(500, 'Fleur', 'Sharon'),
	(501, 'Dahlia', 'Katelyn'),
	(502, 'Gemma', 'Reagan'),
	(503, 'Kathleen', 'Lana'),
	(504, 'Kameko', 'Virginia'),
	(505, 'Cameran', 'Basia'),
	(506, 'Lenore', 'Dakota'),
	(507, 'Kimberly', 'Whitney'),
	(508, 'Angelica', 'Mari'),
	(509, 'Ramona', 'Alisa'),
	(510, 'Jillian', 'Regan'),
	(511, 'Octavia', 'Fredericka'),
	(512, 'Deanna', 'April'),
	(513, 'Willa', 'Daryl'),
	(514, 'Rhiannon', 'Mira'),
	(515, 'Xaviera', 'Darryl'),
	(516, 'Sasha', 'Vanna'),
	(517, 'Serena', 'Hannah'),
	(518, 'Hadley', 'Fay'),
	(519, 'Sybil', 'Quemby'),
	(520, 'Athena', 'Blaine'),
	(521, 'Adria', 'Zenia'),
	(522, 'Dai', 'Winter'),
	(523, 'Francesca', 'Xaviera'),
	(524, 'Yolanda', 'Hannah'),
	(525, 'Madeline', 'Jillian'),
	(526, 'Halla', 'Regan'),
	(527, 'Farrah', 'Marah'),
	(528, 'Venus', 'Clio'),
	(529, 'Lilah', 'Nadine'),
	(530, 'Sharon', 'Bo'),
	(531, 'Amelia', 'Yvonne'),
	(532, 'Hanna', 'Lillith'),
	(533, 'Petra', 'Freya'),
	(534, 'Jenette', 'Roanna'),
	(535, 'Ainsley', 'Desiree'),
	(536, 'Yoko', 'Winter'),
	(537, 'Kay', 'Aurora'),
	(538, 'Linda', 'Melissa'),
	(539, 'Hermione', 'Kalia'),
	(540, 'Casey', 'Ebony'),
	(541, 'Ori', 'Chastity'),
	(542, 'Constance', 'Hillary'),
	(543, 'Mira', 'Olivia'),
	(544, 'Charity', 'Charissa'),
	(545, 'Maite', 'Camilla'),
	(546, 'Madeson', 'Kiara'),
	(547, 'Kirsten', 'Quincy'),
	(548, 'Aurora', 'Blair'),
	(549, 'Molly', 'Christen'),
	(550, 'Sydnee', 'Heather'),
	(551, 'Diana', 'Hedy'),
	(552, 'Ria', 'Brenna'),
	(553, 'Jasmine', 'Shea'),
	(554, 'Lavinia', 'Calista'),
	(555, 'Hedwig', 'Destiny'),
	(556, 'Roanna', 'India'),
	(557, 'Hadley', 'Olympia'),
	(558, 'Riley', 'Jaquelyn'),
	(559, 'Sybill', 'Hollee'),
	(560, 'Bree', 'Destiny'),
	(561, 'Hermione', 'Dorothy'),
	(562, 'Quemby', 'Hedwig'),
	(563, 'Miranda', 'Renee'),
	(564, 'Maggie', 'Jada'),
	(565, 'Elaine', 'Madeline'),
	(566, 'Aphrodite', 'Cameran'),
	(567, 'Rama', 'Calista'),
	(568, 'Leilani', 'Evelyn'),
	(569, 'Erica', 'Desirae'),
	(570, 'Kelsey', 'Kelly'),
	(571, 'Molly', 'Xantha'),
	(572, 'Kaitlin', 'Morgan'),
	(573, 'Scarlet', 'Yael'),
	(574, 'Clementine', 'Nell'),
	(575, 'Deirdre', 'Wanda'),
	(576, 'Kai', 'Roanna'),
	(577, 'Melinda', 'Cameron'),
	(578, 'Madonna', 'Cathleen'),
	(579, 'Petra', 'Kessie'),
	(580, 'Uma', 'Renee'),
	(581, 'Elaine', 'Lavinia'),
	(582, 'Christine', 'Tanya'),
	(583, 'Aurelia', 'Hedwig'),
	(584, 'Ann', 'Rowan'),
	(585, 'Catherine', 'Chastity'),
	(586, 'Evangeline', 'Ivory'),
	(587, 'Meghan', 'Rachel'),
	(588, 'Ivory', 'Pearl'),
	(589, 'Vanna', 'Lilah'),
	(590, 'Teagan', 'Maya'),
	(591, 'Jeanette', 'Galena'),
	(592, 'Wyoming', 'May'),
	(593, 'Ocean', 'Selma'),
	(594, 'Emerald', 'Naida'),
	(595, 'Ingrid', 'Illiana'),
	(596, 'Hayley', 'Isabelle'),
	(597, 'Quincy', 'Aspen'),
	(598, 'Rinah', 'Amity'),
	(599, 'Irma', 'Lydia'),
	(600, 'Sophia', 'Carly');
/*!40000 ALTER TABLE `employees` ENABLE KEYS */;


-- Dumping structure for table tikaappdb.featuredetails
DROP TABLE IF EXISTS `featuredetails`;
CREATE TABLE IF NOT EXISTS `featuredetails` (
  `ID` int(11) NOT NULL AUTO_INCREMENT,
  `FeatureSummaryID` int(11) NOT NULL DEFAULT '0',
  `ActionName` varchar(50) NOT NULL DEFAULT '0',
  `ActionStartDate` int(11) NOT NULL DEFAULT '0',
  `ActionEndOffset` int(11) NOT NULL DEFAULT '0',
  `Severity` varchar(50) NOT NULL DEFAULT '0',
  `DiseaseID` int(11) NOT NULL DEFAULT '0',
  `Description` varchar(50) NOT NULL DEFAULT '0',
  PRIMARY KEY (`ID`),
  KEY `FKFeatureDetailsFeatureSummaryID` (`FeatureSummaryID`),
  KEY `FKFeatureDetailsDiseaseID` (`DiseaseID`),
  CONSTRAINT `FKFeatureDetailsDiseaseID` FOREIGN KEY (`DiseaseID`) REFERENCES `disease` (`ID`),
  CONSTRAINT `FKFeatureDetailsFeatureSummaryID` FOREIGN KEY (`FeatureSummaryID`) REFERENCES `featuresummary` (`ID`)
) ENGINE=InnoDB DEFAULT CHARSET=latin1;

-- Dumping data for table tikaappdb.featuredetails: ~0 rows (approximately)
DELETE FROM `featuredetails`;
/*!40000 ALTER TABLE `featuredetails` DISABLE KEYS */;
/*!40000 ALTER TABLE `featuredetails` ENABLE KEYS */;


-- Dumping structure for table tikaappdb.featureimplementation
DROP TABLE IF EXISTS `featureimplementation`;
CREATE TABLE IF NOT EXISTS `featureimplementation` (
  `ID` int(11) NOT NULL,
  `ChildID` int(11) NOT NULL,
  `FeatureDetailsID` int(11) NOT NULL,
  `StartDate` varchar(50) NOT NULL,
  `EndDate` varchar(50) NOT NULL,
  `Status` varchar(50) NOT NULL,
  `CentersID` int(11) NOT NULL,
  PRIMARY KEY (`ID`),
  KEY `FKFatureImplementationChildID` (`ChildID`),
  KEY `FKFatureImplementationFeatureDetailsID` (`FeatureDetailsID`),
  KEY `FKFatureImplementationCentersID` (`CentersID`),
  CONSTRAINT `FKFatureImplementationCentersID` FOREIGN KEY (`CentersID`) REFERENCES `centers` (`ID`),
  CONSTRAINT `FKFatureImplementationChildID` FOREIGN KEY (`ChildID`) REFERENCES `child` (`ID`),
  CONSTRAINT `FKFatureImplementationFeatureDetailsID` FOREIGN KEY (`FeatureDetailsID`) REFERENCES `featuredetails` (`ID`)
) ENGINE=InnoDB DEFAULT CHARSET=latin1;

-- Dumping data for table tikaappdb.featureimplementation: ~0 rows (approximately)
DELETE FROM `featureimplementation`;
/*!40000 ALTER TABLE `featureimplementation` DISABLE KEYS */;
/*!40000 ALTER TABLE `featureimplementation` ENABLE KEYS */;


-- Dumping structure for table tikaappdb.featuresummary
DROP TABLE IF EXISTS `featuresummary`;
CREATE TABLE IF NOT EXISTS `featuresummary` (
  `ID` int(11) NOT NULL AUTO_INCREMENT,
  `FeatureName` varchar(50) NOT NULL DEFAULT '0',
  PRIMARY KEY (`ID`)
) ENGINE=InnoDB DEFAULT CHARSET=latin1;

-- Dumping data for table tikaappdb.featuresummary: ~0 rows (approximately)
DELETE FROM `featuresummary`;
/*!40000 ALTER TABLE `featuresummary` DISABLE KEYS */;
/*!40000 ALTER TABLE `featuresummary` ENABLE KEYS */;


-- Dumping structure for table tikaappdb.menuitems
DROP TABLE IF EXISTS `menuitems`;
CREATE TABLE IF NOT EXISTS `menuitems` (
  `ID` int(11) NOT NULL AUTO_INCREMENT,
  `MenuName` varchar(50) NOT NULL,
  `ParentMenuName` varchar(50) NOT NULL,
  `AppViewId` int(11) NOT NULL,
  `MenuOrder` int(11) NOT NULL,
  `ParentMenuOrder` int(11) NOT NULL,
  PRIMARY KEY (`ID`),
  KEY `AppViewId` (`AppViewId`),
  CONSTRAINT `AppViewId` FOREIGN KEY (`AppViewId`) REFERENCES `appviews` (`ID`)
) ENGINE=InnoDB DEFAULT CHARSET=latin1;

-- Dumping data for table tikaappdb.menuitems: ~0 rows (approximately)
DELETE FROM `menuitems`;
/*!40000 ALTER TABLE `menuitems` DISABLE KEYS */;
/*!40000 ALTER TABLE `menuitems` ENABLE KEYS */;


-- Dumping structure for table tikaappdb.roles
DROP TABLE IF EXISTS `roles`;
CREATE TABLE IF NOT EXISTS `roles` (
  `ID` int(11) NOT NULL AUTO_INCREMENT,
  `RoleName` varchar(200) NOT NULL,
  `ParentRoleName` varchar(200) NOT NULL,
  PRIMARY KEY (`ID`)
) ENGINE=InnoDB AUTO_INCREMENT=5 DEFAULT CHARSET=latin1;

-- Dumping data for table tikaappdb.roles: ~4 rows (approximately)
DELETE FROM `roles`;
/*!40000 ALTER TABLE `roles` DISABLE KEYS */;
INSERT INTO `roles` (`ID`, `RoleName`, `ParentRoleName`) VALUES
	(1, 'SuperAdmin', 'SuperAdmin'),
	(2, 'Admin', 'SuperAdmin'),
	(3, 'Manager', 'Admin'),
	(4, 'ViewUser', 'Manager');
/*!40000 ALTER TABLE `roles` ENABLE KEYS */;


-- Dumping structure for table tikaappdb.thanas
DROP TABLE IF EXISTS `thanas`;
CREATE TABLE IF NOT EXISTS `thanas` (
  `ID` int(11) NOT NULL AUTO_INCREMENT,
  `DistrictsID` int(11) NOT NULL DEFAULT '0',
  `ThanasName` varchar(50) NOT NULL DEFAULT '0',
  PRIMARY KEY (`ID`),
  KEY `FKdistrictsID` (`DistrictsID`),
  CONSTRAINT `FKdistrictsID` FOREIGN KEY (`DistrictsID`) REFERENCES `districts` (`ID`)
) ENGINE=InnoDB AUTO_INCREMENT=512 DEFAULT CHARSET=latin1;

-- Dumping data for table tikaappdb.thanas: ~413 rows (approximately)
DELETE FROM `thanas`;
/*!40000 ALTER TABLE `thanas` DISABLE KEYS */;
INSERT INTO `thanas` (`ID`, `DistrictsID`, `ThanasName`) VALUES
	(1, 1, 'Kafrul'),
	(2, 2, 'Sadar'),
	(3, 1, 'Cantonment'),
	(4, 1, 'Savar'),
	(5, 3, 'Rajshahi1'),
	(6, 60, 'Barisal Sadar'),
	(7, 59, 'Burhanuddin'),
	(8, 13, 'Mathbaria'),
	(9, 60, 'Bakerganj'),
	(10, 61, 'Amtali'),
	(11, 13, 'Nazirpur'),
	(12, 60, 'Mehendiganj'),
	(13, 61, 'Barguna Sadar'),
	(14, 59, 'Lalmohan'),
	(15, 13, 'Zianagar'),
	(16, 60, 'Agailjhara'),
	(17, 60, 'Hijla'),
	(18, 14, 'Kalapara'),
	(19, 13, 'Pirojpur sadar'),
	(20, 13, 'Nesarabad'),
	(21, 14, 'Patuakhali sadar'),
	(22, 14, 'Bauphal'),
	(23, 59, 'Bhola Sadar'),
	(24, 14, 'Galachipa'),
	(25, 60, 'Wazirpur'),
	(26, 59, 'Tazumuddin'),
	(27, 59, 'Char Fasson'),
	(28, 60, 'Muladi'),
	(29, 14, 'Dashmina'),
	(30, 60, 'Gaurnadi'),
	(31, 60, 'Babuganj'),
	(32, 13, 'Bhandaria'),
	(33, 59, 'Daulatkhan'),
	(34, 60, 'Banaripara'),
	(35, 13, 'Kaukhali'),
	(36, 61, 'Patharghata'),
	(37, 14, 'Mirzaganj'),
	(38, 14, 'Dumki'),
	(39, 61, 'Betagi'),
	(40, 59, 'Manpura'),
	(41, 61, 'Bamna'),
	(42, 54, 'Hathazari'),
	(43, 54, 'Double Mooring'),
	(44, 54, 'Khulshi'),
	(45, 54, 'Kotwali Ctg.'),
	(46, 54, 'Chittagong Port'),
	(47, 54, 'Panchlaish'),
	(48, 54, 'Baizid Bostami'),
	(49, 52, 'Comilla Sadar'),
	(50, 54, 'Sitakunda'),
	(51, 54, 'Bakalia'),
	(52, 17, 'Noakhali Sadar'),
	(53, 54, 'Patiya'),
	(54, 54, 'Pahartali'),
	(55, 54, 'Halishahar'),
	(56, 17, 'Kabirhat'),
	(57, 56, 'Chandpur Sadar'),
	(58, 54, 'Sandwip'),
	(59, 54, 'Lohagara Ctg.'),
	(60, 54, 'Rangunia'),
	(61, 48, 'Chhagalnaiya'),
	(62, 56, 'Faridganj'),
	(63, 48, 'Feni Sadar'),
	(64, 57, 'Brahmanbaria Sadar'),
	(65, 57, 'Sarail'),
	(66, 57, 'Nabinagar'),
	(67, 57, 'Kasba'),
	(68, 57, 'Nasirnagar'),
	(69, 57, 'Bancharampur'),
	(70, 57, 'Ashuganj'),
	(71, 52, 'Chauddagram'),
	(72, 52, 'Homna'),
	(73, 11, 'Kaptai'),
	(74, 26, 'Gazaria'),
	(75, 52, 'Laksam'),
	(76, 54, 'Patenga'),
	(77, 56, 'South matlab'),
	(78, 33, 'Raipur Lks.'),
	(79, 54, 'Mirsharai'),
	(80, 17, 'Sonaimuri'),
	(81, 52, 'Chandina'),
	(82, 33, 'Lakshmipur Sadar'),
	(83, 33, 'Kamolnagar'),
	(84, 52, 'Nangalkot'),
	(85, 52, 'Meghna'),
	(86, 17, 'Senbagh'),
	(87, 62, 'Alikadam'),
	(88, 48, 'Parshuram'),
	(89, 52, 'Titas'),
	(90, 17, 'Hatiya'),
	(91, 52, 'Barura'),
	(92, 33, 'Ramgati'),
	(93, 48, 'Sonagazi'),
	(94, 52, 'Debidwar'),
	(95, 56, 'North Matlab'),
	(96, 54, 'Anwara'),
	(97, 17, 'Chatkhil'),
	(98, 54, 'Boalkhali'),
	(99, 52, 'Muradnagar'),
	(100, 54, 'Fatikchhari'),
	(101, 54, 'Raozan'),
	(102, 54, 'Banshkhali'),
	(103, 54, 'Chandanaish'),
	(104, 48, 'Daganbhuiyan'),
	(105, 56, 'Shahrasti'),
	(106, 17, 'Begumganj'),
	(107, 56, 'Haziganj'),
	(108, 38, 'Dighinala'),
	(109, 52, 'Manoharganj'),
	(110, 57, 'Akhaura'),
	(111, 52, 'Burichong'),
	(112, 56, 'Haimchar'),
	(113, 48, 'Phulgazi'),
	(114, 56, 'Kachua Cnp.'),
	(115, 54, 'Chandgaon'),
	(116, 11, 'Rangamati Sadar'),
	(117, 38, 'Khagrachhari Sadar'),
	(118, 62, 'Bandarban Sadar'),
	(119, 54, 'Satkania'),
	(120, 38, 'Ramgarh'),
	(121, 17, 'Subarnar Char'),
	(122, 11, 'Kawkhali (Betbunia)'),
	(123, 38, 'Mahalchhari'),
	(124, 38, 'Matiranga'),
	(125, 62, 'Lama'),
	(126, 52, 'Daudkandi'),
	(127, 33, 'Ramganj'),
	(128, 17, 'Companiganj Nkh.'),
	(129, 52, 'Brahmanpara'),
	(130, 62, 'Ruma'),
	(131, 11, 'Rajasthali'),
	(132, 11, 'Nanner Char'),
	(133, 11, 'Baghai Chhari'),
	(134, 1, 'Motijheel'),
	(135, 1, 'Badda'),
	(136, 1, 'Gulshan'),
	(137, 21, 'Palash'),
	(138, 1, 'Mohammadpur dhk.'),
	(139, 1, 'Ramna'),
	(140, 1, 'Dhanmondi'),
	(141, 25, 'Bhaluka'),
	(142, 1, 'Tejgaon'),
	(143, 1, 'Uttara'),
	(144, 1, 'Mirpur Dhk.'),
	(145, 1, 'Dhamrai'),
	(146, 1, 'Pallabi'),
	(147, 22, 'Sonargaon'),
	(148, 1, 'Sutrapur'),
	(149, 1, 'Khilgaon'),
	(150, 46, 'Gazipur Sadar'),
	(151, 1, 'Savar'),
	(152, 1, 'Kafrul'),
	(153, 22, 'Narayanganj Sadar'),
	(154, 1, 'Lalbagh'),
	(155, 1, 'Kotwali Dhk.'),
	(156, 46, 'Sreepur Gzp.'),
	(157, 46, 'Tongi'),
	(158, 1, 'Keraniganj'),
	(159, 1, 'Shyampur'),
	(160, 1, 'Dohar'),
	(161, 26, 'Tongibari'),
	(162, 9, 'Gosairhat'),
	(163, 29, 'Shivalaya'),
	(164, 43, 'Islampur'),
	(165, 26, 'Sreenagar Mun.'),
	(166, 46, 'Kaliakair'),
	(167, 29, 'Harirampur'),
	(168, 22, 'Bandar'),
	(169, 4, 'Bhuapur'),
	(170, 49, 'Sadarpur'),
	(171, 12, 'Pangsha'),
	(172, 45, 'Muksudpur'),
	(173, 9, 'Bhedarganj'),
	(174, 26, 'Lohojang'),
	(175, 43, 'Dewanganj'),
	(176, 36, 'Bajitpur'),
	(177, 46, 'Kaliganj Gzp.'),
	(178, 22, 'Araihazar'),
	(179, 36, 'Itna'),
	(180, 36, 'Karimganj'),
	(181, 45, 'Gopalganj Sadar'),
	(182, 8, 'Nalitabari'),
	(183, 25, 'Phulpur'),
	(184, 25, 'Gaffargaon'),
	(185, 36, 'Kishoreganj Sadar'),
	(186, 4, 'Gopalpur'),
	(187, 43, 'Melandaha'),
	(188, 9, 'Naria'),
	(189, 25, 'Muktagachha'),
	(190, 31, 'Shibchar'),
	(191, 1, 'Nawabganj Dhk.'),
	(192, 36, 'Mithamain'),
	(193, 26, 'Munshiganj Sadar'),
	(194, 49, 'Faridpur Sadar'),
	(195, 26, 'Sirajdikhan'),
	(196, 25, 'Trishal'),
	(197, 21, 'Narsingdi Sadar'),
	(198, 9, 'Zanjira'),
	(199, 31, 'Rajoir'),
	(200, 31, 'Madaripur sadar'),
	(201, 25, 'Mymensingh Sadar'),
	(202, 21, 'Belabo'),
	(203, 49, 'Boalmari'),
	(204, 29, 'Manikganj Sadar'),
	(205, 12, 'Rajbari Sadar'),
	(206, 43, 'Madarganj'),
	(207, 4, 'Madhupur'),
	(208, 43, 'Baksiganj'),
	(209, 49, 'Bhanga'),
	(210, 25, 'DHOBAURA'),
	(211, 1, 'Demra'),
	(212, 21, 'Shibpur'),
	(213, 25, 'Haluaghat'),
	(214, 22, 'Rupganj'),
	(215, 46, 'Kapasia'),
	(216, 21, 'Raipur Nrs.'),
	(217, 25, 'Gauripur'),
	(218, 25, 'Ishwarganj'),
	(219, 4, 'Sakhipur'),
	(220, 4, 'Delduar'),
	(221, 21, 'Monohardi'),
	(222, 8, 'Nakla'),
	(223, 36, 'Bhairab'),
	(224, 8, 'Sherpur sadar'),
	(225, 4, 'Tangail Sadar'),
	(226, 4, 'Mirzapur'),
	(227, 12, 'Goalandaghat'),
	(228, 43, 'Jamalpur Sadar'),
	(229, 36, 'Astagram'),
	(230, 12, 'Baliakandi'),
	(231, 4, 'Nagarpur'),
	(232, 45, 'Kashiani'),
	(233, 31, 'Kalkini'),
	(234, 45, 'Kotalipara'),
	(235, 29, 'Saturia'),
	(236, 9, 'Shariatpur Sadar'),
	(237, 4, 'Kalihati'),
	(238, 29, 'Singair'),
	(239, 8, 'Sreebardi'),
	(240, 36, 'Hossainpur'),
	(241, 29, 'Ghior'),
	(242, 25, 'Phulbari Mym.'),
	(243, 1, 'Hazaribagh'),
	(244, 59, 'Sadar'),
	(245, 4, 'Basail'),
	(246, 49, 'Madhukhali'),
	(247, 25, 'Nandail'),
	(248, 1, 'Sabujbagh'),
	(249, 1, 'Kamrangirchar'),
	(250, 1, 'Cantonment'),
	(251, 4, 'Ghatail'),
	(252, 49, 'Nagarkanda'),
	(253, 36, 'Kuliarchar'),
	(254, 50, 'Phulbari Dpr.'),
	(255, 1, 'Mirpur'),
	(256, 39, 'Joypurhat sadar'),
	(257, 24, 'Naogaon sadar'),
	(258, 58, 'Sadar'),
	(259, 45, 'Tungipara'),
	(260, 43, 'Sarishabari'),
	(261, 4, 'Dhanbari'),
	(262, 8, 'Jhenaigati'),
	(263, 36, 'Katiadi'),
	(264, 36, 'Pakundia'),
	(265, 36, 'Nikli'),
	(266, 49, 'Charbhadrasan'),
	(267, 29, 'Daulatpur Mkj.'),
	(268, 9, 'Damudya'),
	(269, 36, 'Tarail'),
	(270, 49, 'Alfadanga'),
	(271, 39, 'Kalai'),
	(272, 58, 'Gabtali'),
	(273, 24, 'Raninagar'),
	(274, 42, 'Manirampur'),
	(275, 10, 'Tala'),
	(276, 47, 'Sughatta'),
	(277, 42, 'Jessore Sadar'),
	(278, 44, 'Habiganj Sadar'),
	(279, 37, 'Khalispur'),
	(280, 37, 'Kotwali Khl.'),
	(281, 1, 'Dhanmondi '),
	(282, 30, 'Sreepur Mgr.'),
	(283, 30, 'Shalikha'),
	(284, 16, 'Ishwardi'),
	(285, 3, 'Mohanpur'),
	(286, 7, 'Raiganj'),
	(287, 3, 'Charghat'),
	(288, 18, 'Kishoreganj Nfm'),
	(289, 37, 'Phultala'),
	(290, 37, 'Sonadanga'),
	(291, 34, 'Mirpur Kst.'),
	(292, 42, 'Chaugachha'),
	(293, 10, 'Kaliganj Skh.'),
	(294, 37, 'Dighalia'),
	(295, 10, 'Kalaroa'),
	(296, 42, 'Sharsha'),
	(297, 23, 'Kalia'),
	(298, 23, 'Narail Sadar'),
	(299, 28, 'Gangni'),
	(300, 42, 'Keshabpur'),
	(301, 63, 'Mongla'),
	(302, 37, 'Paikgachha'),
	(303, 37, 'Khan Jahan Ali'),
	(304, 37, 'Khalishpur'),
	(305, 53, 'Alamdanga'),
	(306, 53, 'Damurhuda'),
	(307, 10, 'Assasuni'),
	(308, 28, 'Mujibnagar'),
	(309, 53, 'Chuadanga Sadar'),
	(310, 37, 'Batiaghata'),
	(311, 42, 'Jhikargachha'),
	(312, 34, 'Kushtia Sadar'),
	(313, 53, 'Jibannagar'),
	(314, 28, 'Meherpur Sadar'),
	(315, 63, 'Morrelganj'),
	(316, 37, 'Dumuria'),
	(317, 30, 'Mohammadpur Mgr.'),
	(318, 34, 'Bheramara'),
	(319, 63, 'Sarankhola'),
	(320, 10, 'Satkhira Sadar'),
	(321, 37, 'Daulatpur Khl.'),
	(322, 37, 'Dacope'),
	(323, 63, 'Fakirhat'),
	(324, 34, 'Khoksa'),
	(325, 10, 'Debhata'),
	(326, 42, 'Bagherpara'),
	(327, 10, 'Shyamnagar'),
	(328, 42, 'Abhaynagar'),
	(329, 63, 'Bagerhat Sadar'),
	(330, 34, 'Daulatpur Kst.'),
	(331, 34, 'Kumarkhali'),
	(332, 30, 'Magura Sadar'),
	(333, 63, 'Rampal'),
	(334, 63, 'Kachua Bgr.'),
	(335, 37, 'Koyra'),
	(336, 63, 'Chitalmari'),
	(337, 63, 'Mollahat'),
	(338, 37, 'Terokhada'),
	(339, 37, 'Rupsa'),
	(340, 23, 'Lohagara Nrl.'),
	(341, 5, 'Sylhet Sadar'),
	(342, 3, 'Raipara'),
	(343, 58, 'Bogra Sadar'),
	(344, 35, 'Kurigram Sadar'),
	(345, 15, 'Panchagarh Sadar'),
	(346, 32, 'Kaliganj Lal.'),
	(347, 47, 'Gobindaganj'),
	(348, 2, 'Rangpur Sadar'),
	(349, 2, 'Pirganj Rpr.'),
	(350, 58, 'Sonatala'),
	(351, 58, 'Dhunat'),
	(352, 16, 'Pabna Sadar'),
	(353, 7, 'Sirajganj Sadar'),
	(354, 3, 'Bagmara'),
	(355, 58, 'Adamdighi'),
	(356, 58, 'Nandigram'),
	(357, 24, 'Manda'),
	(358, 58, 'Majhira'),
	(359, 16, 'Bangura'),
	(360, 7, 'Ullahpara'),
	(361, 3, 'Bagha'),
	(362, 3, 'Paba'),
	(363, 3, 'Tanore'),
	(364, 7, 'Shahjadpur'),
	(365, 3, 'Puthia'),
	(366, 58, 'Kahaloo'),
	(367, 3, 'Godagari'),
	(368, 58, 'Dupchanchia'),
	(369, 16, 'Bera'),
	(370, 16, 'Chatmohar'),
	(371, 7, 'Tarash'),
	(372, 16, 'Sujanagar'),
	(373, 58, 'Shibganj Bgr.'),
	(374, 7, 'Kazipur'),
	(375, 7, 'Kamarkhanda'),
	(376, 3, 'Durgapur Raj.'),
	(377, 24, 'Niamatpur'),
	(378, 24, 'Patnitala'),
	(379, 47, 'Gaibandha Sadar'),
	(380, 47, 'Sundarganj'),
	(381, 47, 'Sadullapur'),
	(382, 47, 'Phulchhari'),
	(383, 24, 'Atrai'),
	(384, 24, 'Porsha'),
	(385, 24, 'Badalgachhi'),
	(386, 24, 'Dhamoirhat'),
	(387, 24, 'Sapahar'),
	(388, 2, 'Mithapukur'),
	(389, 2, 'Pirgachha'),
	(390, 2, 'Badarganj'),
	(391, 2, 'Gangachhara'),
	(392, 18, 'Nilphamari Sadar'),
	(393, 58, 'Sherpur Bgr.'),
	(394, 32, 'Aditmari'),
	(395, 3, 'Boalia'),
	(396, 3, 'Motihar'),
	(397, 7, 'Chauhali'),
	(398, 50, 'Dinajpur Sadar'),
	(399, 35, 'Phulbari Kgm.'),
	(400, 50, 'Kaharole'),
	(401, 20, 'Singra'),
	(402, 20, 'Natore Sadar'),
	(403, 39, 'Panchbibi'),
	(404, 39, 'Akkelpur'),
	(405, 20, 'Lalpur'),
	(406, 20, 'Baraigram'),
	(407, 20, 'Gurudaspur'),
	(408, 50, 'Ghoraghat'),
	(409, 18, 'Domar'),
	(410, 15, 'Atwari'),
	(411, 15, 'Boda'),
	(412, 50, 'Birampur'),
	(413, 18, 'Dimla'),
	(414, 15, 'Debiganj'),
	(415, 15, 'Tetulia'),
	(416, 50, 'Chirirbandar'),
	(417, 50, 'Biral'),
	(418, 50, 'Parbatipur'),
	(419, 50, 'Nawabganj Dpr.'),
	(420, 50, 'Hakimpur'),
	(421, 7, 'Belkuchi'),
	(422, 50, 'Birganj'),
	(423, 32, 'Hatibandha'),
	(424, 35, 'Nageshwari'),
	(425, 47, 'Palashbari'),
	(426, 35, 'Ulipur'),
	(427, 50, 'Khansama'),
	(428, 58, 'Sariakandi'),
	(429, 20, 'Bagatipara'),
	(430, 24, 'Mahadevpur'),
	(431, 18, 'Jaldhaka'),
	(432, 39, 'Khetlal'),
	(433, 16, 'Atgharia'),
	(434, 16, 'Faridpur Pbn.'),
	(435, 50, 'Bochaganj'),
	(436, 35, 'Rajarhat'),
	(437, 32, 'Lalmonirhat Sadar'),
	(438, 35, 'Chilmari'),
	(439, 2, 'Taraganj'),
	(440, 16, 'Santhia'),
	(441, 32, 'Patgram'),
	(442, 18, 'Kishoreganj Nfm.'),
	(443, 18, 'Saidpur'),
	(444, 2, 'Kaunia'),
	(445, 35, 'Bhurungamari'),
	(446, 35, 'Char Rajibpur'),
	(447, 35, 'Raomari'),
	(448, 3, 'Shah Makdam'),
	(449, 5, 'Beanibazar'),
	(450, 27, 'Moulvibazar Sadar'),
	(451, 27, 'Kulaura'),
	(452, 44, 'Ajmiriganj'),
	(453, 27, 'Barlekha'),
	(454, 5, 'Zakiganj'),
	(455, 44, 'Chunarughat'),
	(456, 27, 'Sreemangal'),
	(457, 27, 'Kamalganj'),
	(458, 5, 'Balaganj'),
	(459, 44, 'Madhabpur'),
	(460, 44, 'Nabiganj'),
	(461, 5, 'Kanaighat'),
	(462, 5, 'Golabganj'),
	(463, 5, 'Bishwanath'),
	(464, 44, 'Lakhai'),
	(465, 44, 'Baniachong'),
	(466, 5, 'Gowainghat'),
	(467, 5, 'Companiganj Syl.'),
	(468, 6, 'Dharampasha'),
	(469, 27, 'Rajnagar'),
	(470, 27, 'Juri'),
	(471, 6, 'Jamalganj'),
	(472, 6, 'Derai'),
	(473, 6, 'Bishwamvarpur'),
	(474, 6, 'Dowarabazar'),
	(475, 44, 'Bahubal'),
	(476, 6, 'Tahirpur'),
	(477, 6, 'Jagannathpur'),
	(478, 6, 'Sunamganj Sadar'),
	(479, 6, 'Chhatak'),
	(480, 5, 'Jaintiapur'),
	(481, 5, 'Fenchuganj'),
	(482, 6, 'Sullah'),
	(483, 38, 'Manikchhari'),
	(484, 11, 'Barkal'),
	(485, 62, 'Naikhongchhari'),
	(486, 38, 'Lakshmichhari'),
	(487, 62, 'Rowangchhari'),
	(488, 2, 'Sadar'),
	(489, 46, 'Joydebpur'),
	(490, 38, 'Panchhari'),
	(491, 1, 'Gazipur Sadar'),
	(492, 5, 'Habiganj Sadar'),
	(493, 1, 'Lalbag'),
	(494, 59, 'Lalmohon'),
	(495, 7, 'Shajadpur'),
	(496, 15, 'Sadar'),
	(497, 58, 'Sonatola'),
	(498, 58, 'Sherpur Bgr'),
	(499, 35, 'Phulbari Kgm'),
	(500, 1, 'Banani'),
	(501, 4, 'Madhupur'),
	(502, 48, 'Feni Sadar '),
	(503, 10, 'Shatkhira Sodor'),
	(504, 63, 'Chitolmari'),
	(505, 34, 'Kushtia Sador'),
	(506, 32, 'Sadar'),
	(507, 18, 'Sadar'),
	(508, 1, 'Tongi'),
	(509, 60, 'Hizla'),
	(510, 13, 'Zianagor'),
	(511, 3, 'Sadar');
/*!40000 ALTER TABLE `thanas` ENABLE KEYS */;


-- Dumping structure for table tikaappdb.userinfo
DROP TABLE IF EXISTS `userinfo`;
CREATE TABLE IF NOT EXISTS `userinfo` (
  `ID` int(11) NOT NULL AUTO_INCREMENT,
  `UserID` int(11) NOT NULL,
  `UserName` varchar(50) NOT NULL,
  `FullName` text NOT NULL,
  `FatherName` text NOT NULL,
  `MotherName` text NOT NULL,
  `CellNumber` text NOT NULL,
  `BirthDay` date NOT NULL DEFAULT '1956-06-11',
  `CurrentAddress` text NOT NULL,
  `PermanentAddress` text NOT NULL,
  `BirthCertificateID` text NOT NULL,
  PRIMARY KEY (`ID`),
  KEY `UserID` (`UserID`),
  CONSTRAINT `UserID` FOREIGN KEY (`UserID`) REFERENCES `users` (`ID`)
) ENGINE=InnoDB AUTO_INCREMENT=94 DEFAULT CHARSET=latin1;

-- Dumping data for table tikaappdb.userinfo: ~88 rows (approximately)
DELETE FROM `userinfo`;
/*!40000 ALTER TABLE `userinfo` DISABLE KEYS */;
INSERT INTO `userinfo` (`ID`, `UserID`, `UserName`, `FullName`, `FatherName`, `MotherName`, `CellNumber`, `BirthDay`, `CurrentAddress`, `PermanentAddress`, `BirthCertificateID`) VALUES
	(1, 4, 'jubayer', 'All Jubayer Mohammad Mahamudunnabi.', 'Md. Fazlur Rahman.', 'Momotaz Begum.', '01926662274', '1984-10-31', 'Dhaka.', 'Dinajpur', '22222222'),
	(2, 10, 'arosh', 'arosh', 'Habibunnobi Md Arifur Rahman', 'Arobi', '01926662227', '2015-03-01', 'Dhaka', 'Dinajpur', '222222222222222'),
	(3, 20, 'Cyrus', 'Galvin Schneider', 'Blake English', 'Francesca Crosby', '01 28 18 98 35', '1956-06-11', 'Norfolk', 'Hody', '4852236716030161'),
	(4, 21, 'Garrison', 'Ethan Reid', 'Garrison Waller', 'Serena Nixon', '09 80 12 98 81', '1956-06-11', 'Vancouver', 'Dessel', '4250555025180805'),
	(5, 22, 'Fulton', 'Oleg Walton', 'Michael Olsen', 'Jessica Mcgowan', '06 13 50 32 99', '1956-06-11', 'Sant\'Agata Bolognese', 'Zutendaal', '4838068198366095'),
	(6, 23, 'Byron', 'Orlando Nguyen', 'Dean Britt', 'April Gregory', '07 11 98 95 30', '1956-06-11', 'Landshut', 'Hillsboro', '4667349228961396'),
	(7, 24, 'Quentin', 'Ira Wise', 'Odysseus Perkins', 'Lysandra Doyle', '08 29 01 12 27', '1956-06-11', 'Mont', 'Bon Accord', '4318110878160229'),
	(8, 25, 'Perry', 'Alvin Sharpe', 'Ezekiel Buchanan', 'Aurora Kirkland', '04 13 37 82 14', '1956-06-11', 'Forres', 'Amersfoort', '4287925789505241'),
	(9, 26, 'Sebastian', 'Ralph Rowland', 'Colt Hayes', 'Alana Duran', '07 96 69 30 22', '1956-06-11', 'Baddeck', 'New Maryland', '4948976211342963'),
	(10, 27, 'Shad', 'Tucker Ware', 'Allistair Martin', 'Ina Floyd', '01 99 91 26 95', '1956-06-11', 'Retie', 'Sachs Harbour', '4811244759988032'),
	(11, 28, 'Lucius', 'Neil Vasquez', 'Thomas Cote', 'Claudia Peterson', '07 35 72 30 35', '1956-06-11', 'Ferrazzano', 'Fort McPherson', '4904707635240626'),
	(12, 29, 'Rigel', 'Eric Bradley', 'August Kerr', 'Meghan Kirk', '08 15 27 46 26', '1956-06-11', 'Menai Bridge', 'Marzi', '4538434974383562'),
	(13, 30, 'Chandler', 'Alexander Randall', 'Nigel Davis', 'Jena Mays', '03 75 06 74 31', '1956-06-11', 'Castello Tesino', 'Camaçari', '4789864262985060'),
	(14, 31, 'Grady', 'Jacob Walter', 'Jamal Russell', 'Ila Chang', '02 94 70 85 19', '1956-06-11', 'Acireale', 'Midway', '4224879617523409'),
	(15, 32, 'Thor', 'Wade Burton', 'Kaseem Gilbert', 'Sigourney Mueller', '09 68 43 71 80', '1956-06-11', 'Brora', 'Pointe-au-Pic', '4829291418287904'),
	(16, 33, 'Flynn', 'Lucian Snyder', 'Ali Rosales', 'Christen Perez', '06 74 83 82 55', '1956-06-11', 'Colorno', 'Beaconsfield', '4121595541434364'),
	(17, 34, 'Ishmael', 'Charles Ewing', 'Neil Nichols', 'Gretchen Moody', '02 46 01 98 50', '1956-06-11', 'Penna San Giovanni', 'Boussu-lez-Walcourt', '4448140398180117'),
	(18, 35, 'Addison', 'Mufutau Potter', 'Arthur Dillon', 'Aline Nash', '02 94 11 36 27', '1956-06-11', 'Cropalati', 'Saint-Sébastien-sur-Loire', '4225887968856840'),
	(19, 36, 'Alvin', 'Logan Dejesus', 'Dustin Hart', 'Quail Garrison', '02 02 08 92 44', '1956-06-11', 'McCallum', 'Cariboo Regional District', '4709619104629386'),
	(20, 37, 'Samuel', 'Evan Bass', 'Allen Cannon', 'Clementine Lott', '09 97 34 72 93', '1956-06-11', 'Kidderminster', 'Medea', '4595447839470584'),
	(21, 38, 'Phillip', 'Shad Guzman', 'Alvin Kane', 'Echo Byers', '04 49 86 08 01', '1956-06-11', 'Ghislarengo', 'Sint-Lambrechts-Herk', '4820802708715205'),
	(22, 39, 'Reece', 'Dieter Aguirre', 'Marshall Abbott', 'Winifred Kirkland', '08 84 76 81 09', '1956-06-11', 'Sandy', 'Oklahoma City', '4463936650846156'),
	(23, 40, 'Branden', 'Brenden Dale', 'Kieran Knowles', 'Cassandra Conner', '09 09 83 19 77', '1956-06-11', 'Riesa', 'North Shore', '4697460593748831'),
	(24, 41, 'Peter', 'Matthew Fleming', 'Emerson Wilkins', 'Ava Hopper', '04 26 09 47 16', '1956-06-11', 'Kayseri', 'Chicoutimi', '4921639205375681'),
	(25, 42, 'Octavius', 'Octavius Miles', 'Rigel Kaufman', 'Willow Garrett', '08 07 35 18 07', '1956-06-11', 'Precenicco', 'Sandy', '4938706950843335'),
	(26, 43, 'Porter', 'Bruce Calhoun', 'Valentine Carver', 'Selma Gallagher', '04 58 44 54 61', '1956-06-11', 'Moose Jaw', 'Sangli', '4589404554339128'),
	(27, 44, 'Alan', 'Kuame Kemp', 'Todd Wright', 'Alana Fitzgerald', '06 34 88 69 10', '1956-06-11', 'Kapolei', 'Huizingen', '4754012729926035'),
	(30, 47, 'Fuller', 'Trevor Brewer', 'Macaulay Castillo', 'Claire Rosa', '09 56 78 48 03', '1956-06-11', 'Gianico', 'Los Angeles', '4488431295612826'),
	(31, 48, 'Hunter', 'Ezra Miles', 'Finn Lucas', 'Mia Navarro', '04 17 17 64 44', '1956-06-11', 'Ulloa (Barrial)', 'Albi', '4373880315572020'),
	(32, 49, 'August', 'Victor Bright', 'Travis Cortez', 'Patricia Larsen', '05 71 00 57 42', '1956-06-11', 'Saarlouis', 'Dereham', '4800766690354790'),
	(33, 50, 'Rajah', 'Fletcher Owens', 'Dante Prince', 'Kirestin Holden', '04 66 24 31 19', '1956-06-11', 'Bothey', 'Levallois-Perret', '4684122012322769'),
	(34, 51, 'Vaughan', 'Zahir Osborne', 'Geoffrey Manning', 'McKenzie Mathis', '07 02 08 82 39', '1956-06-11', 'Grumo Appula', 'Zaanstad', '4226117031602180'),
	(35, 52, 'Kato', 'Nigel Byers', 'Caleb Wong', 'Nola Byers', '08 53 28 93 13', '1956-06-11', 'Port Hope', 'Helena', '4951321715535592'),
	(36, 53, 'Kennan', 'Amal Rosa', 'Carl Nguyen', 'Sarah Hardin', '05 23 42 56 98', '1956-06-11', 'Salem', 'Lanark County', '4522190210688851'),
	(37, 54, 'Cairo', 'Nathaniel Guthrie', 'Gannon Hoover', 'Jolene Valenzuela', '05 77 11 10 34', '1956-06-11', 'Markham', 'Hunstanton', '4793466260982671'),
	(38, 55, 'Sebastian', 'Chester Pollard', 'Otto Sweet', 'Tatum Albert', '02 42 80 63 35', '1956-06-11', 'Khanpur', 'Courcelles', '4269432593695817'),
	(40, 57, 'Dennis', 'Jonas Reeves', 'Brian Velasquez', 'Emi Kerr', '06 82 69 30 07', '1956-06-11', 'Buckley', 'Götzis', '4742442472325633'),
	(41, 58, 'Edan', 'Dean Mcneil', 'Harlan Emerson', 'Aretha Terry', '02 01 68 85 71', '1956-06-11', 'Poviglio', 'Ospedaletto d\'Alpinolo', '4980677353683852'),
	(42, 59, 'Cedric', 'Jerry Pollard', 'Jermaine Riggs', 'Xaviera Cash', '02 50 49 47 80', '1956-06-11', 'Kapolei', 'Trois-Rivi?res', '4614823635434734'),
	(43, 60, 'Honorato', 'Daquan Flowers', 'Brian Wise', 'Fredericka Dodson', '07 64 42 72 64', '1956-06-11', 'Baltimore', 'Reinbek', '4280877446709200'),
	(44, 61, 'Shad', 'Louis Copeland', 'Hall Hebert', 'Meredith Marsh', '09 13 16 54 98', '1956-06-11', 'Matera', 'Rebecq', '4770541616668920'),
	(45, 62, 'Marsden', 'Amal Brady', 'Kelly Wilkerson', 'McKenzie Adkins', '05 65 94 50 21', '1956-06-11', 'Hollabrunn', 'Legnica', '4739703252958134'),
	(46, 63, 'Zachery', 'Zachary Whitley', 'Mannix Spencer', 'Maite Hardy', '09 42 23 95 91', '1956-06-11', 'Jhelum', 'Wilhelmshaven', '4110168865416194'),
	(47, 64, 'Alexander', 'Owen Walker', 'Graiden Walsh', 'Rowan Potter', '03 49 19 05 21', '1956-06-11', 'Strasbourg', 'Wilmont', '4792137158522383'),
	(48, 65, 'Timothy', 'Martin Henson', 'Russell Leblanc', 'Jennifer Merritt', '08 00 66 63 69', '1956-06-11', 'Gorinchem', 'Acquedolci', '4187843651138240'),
	(49, 66, 'Orlando', 'Branden Beck', 'Boris Strickland', 'Jocelyn Garza', '06 50 69 50 23', '1956-06-11', 'Buckingham', 'Wilmont', '4236056834273043'),
	(50, 67, 'Lyle', 'Jesse Vinson', 'Brett Gonzalez', 'Winter Lawrence', '09 21 57 66 44', '1956-06-11', 'Kavaratti', 'Ladispoli', '4501756263151764'),
	(51, 68, 'Blaze', 'Addison Diaz', 'Fitzgerald Howell', 'Xena Cobb', '06 54 40 71 62', '1956-06-11', 'Celle', 'Maasmechelen', '4683291491027923'),
	(52, 69, 'Arthur', 'Kane Wheeler', 'Murphy Barker', 'Odette West', '09 95 55 80 97', '1956-06-11', 'Bothey', 'Tielrode', '4956859542988244'),
	(53, 70, 'Aladdin', 'Wallace Lindsay', 'Daniel Blevins', 'Iris Hess', '05 86 46 45 88', '1956-06-11', 'Pangnirtung', 'Sant\'Agapito', '4865692913997918'),
	(54, 71, 'Chase', 'August Walter', 'Oscar Pitts', 'Nevada Rosa', '04 80 53 62 40', '1956-06-11', 'Collecchio', 'Maranguape', '4380752084776756'),
	(55, 72, 'Gray', 'Yuli Craft', 'Warren Freeman', 'Lunea Cox', '08 53 59 46 09', '1956-06-11', 'Louisville', 'D?gelis', '4878498748363927'),
	(56, 73, 'Curran', 'Finn Wise', 'Lee Olson', 'Chelsea Garrison', '03 19 40 55 03', '1956-06-11', 'Nus', 'Zaltbommel', '4804399865260341'),
	(57, 74, 'Darius', 'Merritt Huffman', 'Griffith Gaines', 'Ginger Hays', '06 91 41 08 19', '1956-06-11', 'Uppingham. Cottesmore', 'Colico', '4870156639115881'),
	(58, 75, 'Oliver', 'Walker Alford', 'Wyatt Garner', 'Sonia Black', '08 11 57 21 29', '1956-06-11', 'Tourcoing', 'Colloredo di Monte Albano', '4632511478289966'),
	(59, 76, 'Chaim', 'Kelly Strong', 'Armando Jarvis', 'Charde Griffin', '02 02 47 42 29', '1956-06-11', 'Houthalen', 'Grembergen', '4493581911409271'),
	(60, 77, 'Fritz', 'Prescott Mcbride', 'Keefe Hooper', 'Yoshi Valenzuela', '06 81 13 94 72', '1956-06-11', 'Flensburg', 'Vielsalm', '4358322323113672'),
	(61, 78, 'Clayton', 'Geoffrey Tillman', 'Malik Dorsey', 'Zephr Crawford', '02 18 92 98 58', '1956-06-11', 'Mont-Saint-Guibert', 'Anghiari', '4120942774321881'),
	(62, 79, 'Walter', 'Nigel Burris', 'Colorado Combs', 'Alana Ferrell', '01 78 68 96 12', '1956-06-11', 'Augusta', 'Villafalletto', '4767462226981295'),
	(63, 80, 'Berk', 'Kenyon Stark', 'Allen Dejesus', 'Octavia Whitley', '09 82 04 41 76', '1956-06-11', 'Habay-la-Vieille', 'Couture-Saint-Germain', '4159089013468471'),
	(66, 83, 'Sylvester', 'Baker Robinson', 'Neville Mckee', 'Cecilia Bauer', '09 30 78 34 11', '1956-06-11', 'Cavallino', 'Rio Marina', '4110410729004073'),
	(67, 84, 'Tad', 'Ferris Boyle', 'Ali Pittman', 'Vivien Farmer', '04 98 77 26 94', '1956-06-11', 'Bungay', 'Lagundo/Algund', '4227254997752603'),
	(68, 85, 'Wyatt', 'Fletcher Parrish', 'Conan Meadows', 'Laurel Trujillo', '06 84 27 44 95', '1956-06-11', 'Wadgassen', 'Boechout', '4687045519985250'),
	(69, 86, 'Hop', 'Giacomo Elliott', 'Rudyard King', 'Veronica Webb', '01 67 97 20 95', '1956-06-11', 'Mission', 'Chambord', '4279843323118987'),
	(70, 87, 'Driscoll', 'Lewis Holmes', 'Denton Mcclure', 'Dakota Brock', '04 41 01 70 40', '1956-06-11', 'Great Falls', 'Market Drayton', '4837370997946700'),
	(71, 88, 'Stone', 'Zeph Leonard', 'Henry Rivas', 'Mercedes Rios', '06 16 82 34 70', '1956-06-11', 'Joncret', 'Pittsburgh', '4429487992310890'),
	(72, 89, 'Ivan', 'Joel Nieves', 'Vaughan Mayer', 'Vivien Lamb', '06 79 65 12 59', '1956-06-11', 'Bahawalnagar', 'Arsiè', '4260520676802840'),
	(73, 90, 'Drew', 'Magee Dickson', 'Amos Farrell', 'Alfreda Macdonald', '06 24 42 56 23', '1956-06-11', 'Beervelde', 'Monacilioni', '4452194633800537'),
	(74, 91, 'Jordan', 'Ira Craig', 'Alexander Combs', 'Idola Neal', '09 57 98 32 74', '1956-06-11', 'Lachine', 'Flint', '4610365439439198'),
	(75, 92, 'Ferris', 'Jameson Franco', 'Giacomo Cummings', 'Cameron Sosa', '07 57 57 82 88', '1956-06-11', 'Bonnyville', 'Bastia Umbra', '4931062293890865'),
	(76, 93, 'Garrison', 'Micah Richardson', 'Malik Price', 'Sopoline Durham', '06 90 71 26 95', '1956-06-11', 'Silifke', 'Cicagna', '4191897886758679'),
	(77, 94, 'Cooper', 'Jelani Thompson', 'Amery Fisher', 'MacKenzie Rivas', '03 73 76 06 15', '1956-06-11', 'Portobuffolè', 'Bologna', '4620534304855392'),
	(78, 95, 'Guy', 'Oleg Rose', 'Jelani Fulton', 'Bertha Ortiz', '04 69 76 18 00', '1956-06-11', 'Gravelbourg', 'Ludwigshafen', '4723199452413244'),
	(79, 96, 'Christian', 'Austin Baldwin', 'Berk Reilly', 'Lunea Whitney', '04 28 65 16 50', '1956-06-11', 'Poggio Berni', 'Lauro de Freitas', '4279741538316016'),
	(80, 97, 'Colton', 'Zahir Middleton', 'Felix Snider', 'Remedios Mendoza', '06 81 01 84 04', '1956-06-11', 'Fatehpur', 'Montresta', '4756591139128431'),
	(81, 98, 'Merritt', 'George Garza', 'Ahmed Edwards', 'Cameran Bartlett', '03 60 28 13 71', '1956-06-11', 'Portofino', 'Nalinnes', '4224955715565017'),
	(82, 99, 'Fuller', 'Sawyer Christensen', 'Quamar Zimmerman', 'Inga Newman', '02 14 88 34 50', '1956-06-11', 'Granada', 'Bauchi', '4863033029343935'),
	(83, 100, 'Kuame', 'Edward Sweeney', 'Zachery Mcguire', 'Jena Henson', '07 50 42 20 30', '1956-06-11', 'Dampicourt', 'Missoula', '4713450682535763'),
	(84, 101, 'Abraham', 'Sylvester Kemp', 'Shad Farrell', 'Amelia Finley', '08 32 33 90 19', '1956-06-11', 'Quenast', 'Pellizzano', '4990648629562923'),
	(85, 102, 'Palmer', 'Hyatt Mccullough', 'Harding Bates', 'Urielle Rich', '04 72 01 21 81', '1956-06-11', 'Bolinne', 'Dollard-des-Ormeaux', '4243785114120691'),
	(86, 103, 'Coby', 'Rogan Perez', 'Barry Mcgowan', 'Aspen Foley', '02 80 78 25 39', '1956-06-11', 'Naumburg', 'Jefferson City', '4591949430899695'),
	(87, 104, 'Kaseem', 'Judah Boyd', 'Bruno Norris', 'Anjolie Miles', '01 57 66 54 61', '1956-06-11', 'Blind River', 'Dunbar', '4795048494823279'),
	(88, 105, 'Lyle', 'Barry Byrd', 'Colby Horne', 'Irma Bird', '02 25 25 52 65', '1956-06-11', 'Subiaco', 'Chishtian Mandi', '4113941753655670'),
	(89, 106, 'Lawrence', 'Jameson Perez', 'Xenos Erickson', 'Maggie Haney', '07 44 20 30 09', '1956-06-11', 'Abaetetuba', 'Zaanstad', '4224460909608758'),
	(90, 107, 'Adrian', 'Wade Parker', 'Fletcher Wells', 'Xaviera Crane', '09 28 29 65 68', '1956-06-11', 'Caplan', 'Apeldoorn', '4288630406232558'),
	(91, 108, 'Curran', 'Tiger Rosario', 'Gage Kennedy', 'Hayley Wilkins', '05 53 71 33 05', '1956-06-11', 'Bathurst', 'Tulsa', '4372264076769351'),
	(92, 109, 'Dustin', 'Howard Oneill', 'Kermit Castro', 'Hedwig Little', '02 83 99 71 02', '1956-06-11', 'Cabras', 'Cognelee', '4245403683930637'),
	(93, 110, 'Noble', 'Colt Yang', 'Nathan Wall', 'Moana Mckinney', '07 81 83 62 63', '1956-06-11', 'Menai Bridge', 'Omaha', '4956092633632949');
/*!40000 ALTER TABLE `userinfo` ENABLE KEYS */;


-- Dumping structure for table tikaappdb.userlogin
DROP TABLE IF EXISTS `userlogin`;
CREATE TABLE IF NOT EXISTS `userlogin` (
  `ID` int(11) NOT NULL AUTO_INCREMENT,
  `Name` varchar(50) NOT NULL DEFAULT '0',
  `Phone` varchar(50) NOT NULL DEFAULT '0',
  `Address` varchar(50) NOT NULL DEFAULT '0',
  `ThanasID` int(11) NOT NULL DEFAULT '0',
  `SpouseName` varchar(50) NOT NULL DEFAULT '0',
  PRIMARY KEY (`ID`),
  KEY `FKUserLoginThanasID` (`ThanasID`),
  CONSTRAINT `FKUserLoginThanasID` FOREIGN KEY (`ThanasID`) REFERENCES `thanas` (`ID`)
) ENGINE=InnoDB DEFAULT CHARSET=latin1;

-- Dumping data for table tikaappdb.userlogin: ~0 rows (approximately)
DELETE FROM `userlogin`;
/*!40000 ALTER TABLE `userlogin` DISABLE KEYS */;
/*!40000 ALTER TABLE `userlogin` ENABLE KEYS */;


-- Dumping structure for table tikaappdb.users
DROP TABLE IF EXISTS `users`;
CREATE TABLE IF NOT EXISTS `users` (
  `ID` int(11) NOT NULL AUTO_INCREMENT,
  `UserName` varchar(50) NOT NULL,
  `UserCellNumber` varchar(50) NOT NULL,
  `UserRoleId` int(11) NOT NULL,
  PRIMARY KEY (`ID`),
  KEY `UserRoleId` (`UserRoleId`),
  CONSTRAINT `UserRoleId` FOREIGN KEY (`UserRoleId`) REFERENCES `roles` (`ID`)
) ENGINE=InnoDB AUTO_INCREMENT=111 DEFAULT CHARSET=latin1;

-- Dumping data for table tikaappdb.users: ~103 rows (approximately)
DELETE FROM `users`;
/*!40000 ALTER TABLE `users` DISABLE KEYS */;
INSERT INTO `users` (`ID`, `UserName`, `UserCellNumber`, `UserRoleId`) VALUES
	(4, 'jubayer', '01926662274', 1),
	(5, 'atique', '01926662260', 2),
	(10, 'arosh', '01926662227', 4),
	(11, 'Yasir', '06 29 34 84 21', 1),
	(12, 'Orson', '09 06 45 90 10', 2),
	(13, 'Dennis', '06 49 67 47 97', 4),
	(14, 'Steven', '06 85 96 92 72', 1),
	(15, 'Carson', '07 55 95 67 35', 4),
	(16, 'Hector', '04 75 67 56 30', 1),
	(17, 'Lewis', '05 02 72 65 13', 1),
	(18, 'Mohammad', '08 44 62 37 94', 1),
	(19, 'Daniel', '01 45 45 39 43', 2),
	(20, 'Nicholas', '06 22 82 80 57', 2),
	(21, 'Lev', '04 24 22 12 30', 3),
	(22, 'Jason', '02 97 56 26 10', 4),
	(23, 'Elliott', '08 36 26 35 80', 1),
	(24, 'Brett', '09 97 46 77 99', 4),
	(25, 'Rigel', '03 00 70 18 52', 4),
	(26, 'Tyler', '01 66 47 08 98', 1),
	(27, 'Linus', '01 96 29 14 27', 3),
	(28, 'Erasmus', '03 10 50 44 71', 4),
	(29, 'Lev', '02 75 18 63 41', 1),
	(30, 'Merrill', '09 57 77 80 48', 3),
	(31, 'Xenos', '06 42 19 83 50', 3),
	(32, 'Murphy', '09 14 65 80 79', 1),
	(33, 'Hilel', '07 22 09 59 05', 4),
	(34, 'Hayes', '03 00 22 02 04', 4),
	(35, 'Wang', '06 07 37 40 80', 2),
	(36, 'Abdul', '02 92 57 83 39', 2),
	(37, 'Caesar', '08 09 44 39 70', 2),
	(38, 'Magee', '09 12 99 32 23', 3),
	(39, 'Robert', '05 84 01 69 96', 4),
	(40, 'Kadeem', '08 18 88 04 52', 1),
	(41, 'Perry', '06 17 78 32 64', 3),
	(42, 'Bevis', '07 48 31 73 73', 2),
	(43, 'Timothy', '05 87 23 01 95', 2),
	(44, 'Lewis', '08 32 19 12 49', 3),
	(45, 'Malachi', '06 59 69 82 78', 1),
	(46, 'Brandon', '05 62 52 85 54', 2),
	(47, 'Francis', '02 44 53 64 74', 2),
	(48, 'Jakeem', '07 36 25 87 19', 2),
	(49, 'Damian', '06 63 36 55 51', 3),
	(50, 'Yasir', '07 31 09 09 18', 1),
	(51, 'Jelani', '04 09 70 40 95', 3),
	(52, 'Erich', '07 64 68 67 94', 3),
	(53, 'Hedley', '05 54 38 18 83', 1),
	(54, 'Dieter', '02 77 33 52 45', 4),
	(55, 'Fulton', '03 29 50 50 64', 2),
	(56, 'Zeus', '01 23 77 92 06', 2),
	(57, 'Acton', '04 14 67 70 69', 4),
	(58, 'Basil', '09 26 88 32 61', 1),
	(59, 'Orlando', '04 52 11 25 81', 1),
	(60, 'Chancellor', '03 66 64 40 49', 1),
	(61, 'Abraham', '08 38 69 38 57', 1),
	(62, 'Cruz', '06 48 98 92 40', 1),
	(63, 'Rudyard', '09 20 95 74 30', 3),
	(64, 'Beck', '06 65 02 74 13', 1),
	(65, 'Joshua', '05 30 73 17 58', 3),
	(66, 'Dustin', '06 60 70 74 51', 4),
	(67, 'Lionel', '03 22 51 33 35', 4),
	(68, 'Galvin', '02 14 02 17 86', 1),
	(69, 'Tucker', '07 40 08 18 49', 4),
	(70, 'Carson', '07 95 25 61 87', 2),
	(71, 'Hamilton', '05 15 51 77 32', 2),
	(72, 'Galvin', '01 57 81 20 87', 4),
	(73, 'Herrod', '01 76 58 83 82', 4),
	(74, 'Brock', '02 33 68 27 87', 2),
	(75, 'Leonard', '08 76 01 05 51', 3),
	(76, 'Barclay', '01 15 40 97 98', 4),
	(77, 'Basil', '02 56 64 22 95', 3),
	(78, 'Brian', '02 73 39 44 96', 3),
	(79, 'Amal', '09 21 31 39 58', 4),
	(80, 'Simon', '05 93 65 44 30', 3),
	(81, 'Aidan', '02 38 72 29 94', 1),
	(82, 'Neil', '09 47 98 42 53', 2),
	(83, 'Zachary', '04 05 90 24 98', 1),
	(84, 'Holmes', '02 31 56 88 61', 4),
	(85, 'Hop', '08 76 52 23 97', 3),
	(86, 'Herrod', '09 24 32 01 53', 1),
	(87, 'Porter', '02 14 63 86 06', 1),
	(88, 'John', '09 19 71 50 10', 2),
	(89, 'Tucker', '05 26 37 23 32', 1),
	(90, 'Forrest', '06 30 89 95 16', 3),
	(91, 'Victor', '01 04 92 56 89', 3),
	(92, 'Declan', '09 20 09 51 38', 4),
	(93, 'Anthony', '03 98 68 08 47', 1),
	(94, 'Ahmed', '09 85 03 72 22', 3),
	(95, 'Melvin', '03 48 70 29 49', 1),
	(96, 'Robert', '04 05 58 56 08', 1),
	(97, 'Zeph', '08 36 83 58 71', 2),
	(98, 'Hedley', '09 90 59 77 71', 4),
	(99, 'Kasimir', '07 92 68 77 47', 4),
	(100, 'Ahmed', '01 56 22 14 13', 4),
	(101, 'Chaim', '07 96 49 73 13', 2),
	(102, 'Quinn', '07 16 76 95 13', 1),
	(103, 'Mufutau', '04 52 79 01 67', 1),
	(104, 'Solomon', '01 30 02 26 70', 4),
	(105, 'Barry', '08 69 93 57 53', 3),
	(106, 'Malik', '06 63 67 69 38', 4),
	(107, 'Brian', '03 48 68 37 67', 2),
	(108, 'Abdul', '04 56 64 89 89', 3),
	(109, 'Ronan', '04 07 71 46 09', 4),
	(110, 'Armando', '02 77 15 86 47', 4);
/*!40000 ALTER TABLE `users` ENABLE KEYS */;


-- Dumping structure for table tikaappdb.vaccineinfo
DROP TABLE IF EXISTS `vaccineinfo`;
CREATE TABLE IF NOT EXISTS `vaccineinfo` (
  `ID` int(11) NOT NULL AUTO_INCREMENT,
  `VaccineName` varchar(50) NOT NULL DEFAULT '0',
  `Type` varchar(50) DEFAULT 'Genaral',
  `StartDay` int(11) NOT NULL DEFAULT '0',
  `EndDay` int(11) NOT NULL DEFAULT '0',
  `Description` varchar(50) NOT NULL DEFAULT '0',
  PRIMARY KEY (`ID`)
) ENGINE=InnoDB AUTO_INCREMENT=13 DEFAULT CHARSET=latin1;

-- Dumping data for table tikaappdb.vaccineinfo: ~10 rows (approximately)
DELETE FROM `vaccineinfo`;
/*!40000 ALTER TABLE `vaccineinfo` DISABLE KEYS */;
INSERT INTO `vaccineinfo` (`ID`, `VaccineName`, `Type`, `StartDay`, `EndDay`, `Description`) VALUES
	(2, 'hum', 'Genaral', 30, 100, 'hhh2345666'),
	(3, 'pp', 'Genaral', 1, 1000, 'hjjk'),
	(5, 'piol', 'Genaral', 40, 80, 'ghgh890'),
	(6, 'qq', 'Genaral', 0, 0, '0'),
	(7, 'lmn', 'Genaral', 0, 0, '0'),
	(8, 'gggmnp', 'Genaral', 0, 0, '0'),
	(9, 'hikhu', 'Genaral', 0, 0, '0'),
	(10, 'VAccin1', 'Genaral', 30, 40, 'Very useful 1'),
	(11, 'v1', 'Genaral', 10, 20, 'hii'),
	(12, 'dfdf', 'Genaral', 30, 30, 'sdsd');
/*!40000 ALTER TABLE `vaccineinfo` ENABLE KEYS */;
/*!40101 SET SQL_MODE=IFNULL(@OLD_SQL_MODE, '') */;
/*!40014 SET FOREIGN_KEY_CHECKS=IF(@OLD_FOREIGN_KEY_CHECKS IS NULL, 1, @OLD_FOREIGN_KEY_CHECKS) */;
/*!40101 SET CHARACTER_SET_CLIENT=@OLD_CHARACTER_SET_CLIENT */;
